InterestRate,Inflation,GDPGrowth,StockReturn,BondYield
3.745401188473625,5.585293712157961,-0.5189365692910428,-2.239338394452002,10.442000764689388
9.50714306409916,4.288770930752963,2.335207579026865,10.53605066479116,14.1410621559333
7.319939418114051,2.476220930290622,4.983566687011266,7.541728584256754,9.694515234600866
5.986584841970366,6.510360157655589,3.8577990912764895,3.458312459555147,12.494696208420756
1.5601864044243652,5.477849380431034,4.452489182891598,18.49194188071225,9.87140363171224
1.5599452033620265,1.3009355147591304,3.270266933685739,24.31197496370469,5.272817561164055
0.5808361216819946,7.28741747595074,3.5382125161428197,17.9331999029668,7.686106265227247
8.661761457749352,6.580297943385352,4.793565212522554,8.223723074933407,15.335088514872712
6.011150117432088,7.598399306335392,-0.0026559291265124685,3.48817954531927,13.568737867890253
7.080725777960454,5.80575606710688,1.9153997091451238,7.29187045282056,13.558035928084141
0.20584494295802447,4.907321567486319,-0.2303244654431822,12.758427885656836,5.312356107099996
9.699098521619943,3.345944290324951,5.901344063973176,10.379916709663998,14.47492848006268
8.324426408004218,7.461827866832106,5.552474717492906,7.68254140502424,15.989247540190318
2.1233911067827616,6.928511116003267,-1.6845855090519528,4.194464131781577,7.333223940092683
1.8182496720710062,0.36174936084951526,3.6446013801255077,15.733709208423416,6.5984053609656605
1.8340450985343382,0.21093579597801604,5.401986539325327,19.891351823364047,5.096571138451774
3.0424224295953772,3.011706935024397,-0.5553972389813318,3.0277612354078762,7.896914390284014
5.247564316322379,6.484426646254663,2.5435618444210357,7.035705389656719,13.546291142317168
4.319450186421157,7.898209034519556,5.323906380704335,8.518178798282714,14.01173430430199
2.9122914019804194,1.2033351288282255,-1.7284321713136093,4.639166005943192,4.513246887850004
6.118528947223795,4.753045722817081,3.5793621379747194,9.764054345500295,12.311346790202396
1.3949386065204183,3.047126853048172,0.37879205898040613,15.632567137241368,5.477875554305304
2.9214464853521815,7.759315182516826,5.395169563012243,16.134516234089226,10.775671472752286
3.663618432936917,6.7369513850856695,5.768465961322942,9.155293903522047,12.068021629321679
4.56069984217036,6.706629637689103,5.554131912907471,9.524169938894481,11.286470387048135
7.851759613930136,3.7495452783597623,1.7937137332597102,8.09113640445024,13.417058855828433
1.9967378215835974,3.3185560187013214,4.896341207914507,14.34611943039546,7.124338317592123
5.142344384136116,2.18725657544565,4.756395188280563,13.540074811109912,9.787267760891469
5.924145688620425,0.4510039732074169,0.5528037859460451,10.00958397108228,8.09656290833353
0.46450412719997725,6.917779010040426,4.631323793205419,12.95032416454491,8.390991185765825
6.075448519014383,6.5032080730406205,-1.703938922276059,0.2671134537740352,12.095661443033837
1.7052412368729153,7.997741386289045,2.7701590278564243,6.708679463751289,9.489280135322357
0.6505159298527952,7.973094696591243,-0.1599293016983756,5.796908242502448,8.989949131429118
9.488855372533333,4.44345364482102,-1.0354649137817695,-0.5352409311418587,11.993768232273435
9.656320330745594,6.151899321444084,-1.3843743869663268,-8.364646635094477,14.708085086138409
8.08397348116461,7.558125839059424,3.570310207025118,5.929620675773801,17.576286281555564
3.0461376917337066,6.797179125419292,0.7189997101445291,6.926477638020867,8.714917898791624
0.9767211400638387,1.9787848139455813,3.7981341722300916,19.599577902363507,4.725893676963538
6.842330265121569,3.604353082480748,-1.477149273608461,2.3617397076508126,10.751907463922313
4.4015249373960135,1.0332753212119599,0.5223227026448827,13.767455162044076,7.020943761237847
1.2203823484477883,7.632408218069779,2.3159303390026977,11.2791836238546,9.486439067226224
4.951769101112702,4.84939707560704,4.325785318711708,10.37882077287093,11.638092869687535
0.34388521115218396,1.8291424440277018,0.5500200234565593,14.315946335676907,4.3896238764550946
9.093204020787821,5.373605475246854,3.0071310114960728,5.929861399210404,15.95724659678688
2.587799816000169,4.945025923663167,5.087821985889497,15.716932671680622,9.72670323365973
6.62522284353982,2.865301744262724,2.9269055054584365,9.26962452414134,10.605225777188735
3.1171107608941098,0.9084607375970322,-0.13632420197092987,8.22223713047278,6.072998641734074
5.200680211778108,5.372585564742397,-1.8047937475476958,-0.23477807990203559,11.799865896550882
5.4671027934327965,4.162461607230346,4.960790991207439,8.342878033508445,11.189719190130418
1.8485445552552704,6.178547133885115,-1.829844713196903,10.342871986351048,6.465190374819612
9.695846277645586,4.161308008895947,4.997613381473595,3.8007684257450762,16.245541939837242
7.7513282336111455,6.817452002548321,2.231497072217696,1.5129745325667905,14.297479769745568
9.394989415641891,4.415254710195884,5.512541588103169,6.307399518520186,13.027261701631735
8.948273504276488,4.48750377228309,4.390265886189323,9.94224073715905,15.35920023745422
5.978999788110851,7.01322882126676,5.9834728842667,10.304977488777537,13.550073663512586
9.218742350231167,3.2278629296991763,0.8056945236136812,6.306986839404981,12.707547240777416
0.884925020519195,1.0721218276051259,4.137506311449015,17.266180107734783,5.120150021794583
1.959828624191452,0.23026141050671178,1.2154473088739373,15.124149972547201,4.480162621568253
0.45227288910538066,6.041098045388952,1.8390049624312708,9.876860380630013,7.896967537835529
3.2533033076326436,4.962476410827717,3.0200437057469607,18.09156784411926,8.872233205603024
3.8867728968948203,5.6326381447937885,4.98941691349071,9.751092121038711,11.450873180784285
2.713490317738959,1.7037132920712859,5.872667753594361,20.119304746128844,7.136994238909353
8.287375091519294,1.090971804694158,4.146187310916146,12.302984055592034,12.204984519815625
3.567533266935893,0.11635732534305543,1.34213425733867,13.880472897764985,6.3102378291970975
2.8093450968738076,2.804700470452776,1.3708560182165614,10.885446558080925,5.967519019923743
5.426960831582485,4.719341494837065,3.900658412711132,10.173699326097784,12.443983434798552
1.4092422497476265,3.1379523607978586,-0.08978283385358132,10.79530757682152,4.901986382061242
8.021969807540398,3.4997993761898325,-1.1162070949488427,0.4584800826909279,12.142828059915733
0.7455064367977082,7.233269555949987,0.8369772611262123,12.465879873156807,8.352624974022133
9.868869366005173,2.7860437361864028,0.29791193323265386,8.006958676467704,14.759770301500057
7.722447692966574,4.111915913278486,0.3704649636479207,1.3267521282657029,11.71621756968738
1.987156815341724,6.269224101929145,-0.13113799160072048,3.2939166139082996,7.788239811559539
0.05522117123602399,3.1723422585701613,-1.663254482909105,9.636132918243218,3.7519426843510697
8.154614284548341,4.976693601822988,-1.8570085221326895,6.186723206847522,11.962556037895515
7.068573438476172,6.898909669973961,5.901779117888252,7.440229110772611,15.761428500918854
7.2900716804098735,7.596164989261137,1.4221850698868987,7.225610013261792,12.688724917381162
7.712703466859457,1.1765878474323035,1.0746131772774534,11.448507769968312,9.033746147413007
0.7404465173409036,7.412701001291955,3.4371782615445587,11.676306045350206,7.818643123395357
3.5846572854427263,3.9369303446363055,-0.25396889707948667,8.874862873696278,8.856159720993597
1.1586905952512971,2.065955106391667,5.599689471601803,25.241531277373426,7.8795103242627995
8.631034258755935,3.6730860499060904,4.290760115324416,7.0030469995921685,13.521869883874459
6.232981268275579,7.840260602283816,-1.284711981501924,-1.28959505631772,12.543630245406105
3.308980248526492,3.940944751942957,1.3406462062794269,8.142394467787053,8.208989575030923
0.6355835028602363,2.6300128823000657,5.0329464604973175,16.63843898939504,7.084796410941644
3.109823217156622,5.067206834533806,5.557856178331282,13.60339830408391,9.085889398923435
3.2518332202674705,1.9211649502255446,1.7392120899989578,8.497865510210268,7.031597973133078
7.29606178338064,0.6069066248693114,2.9072911136856616,10.222387635353954,10.838675206339223
6.3755747135521315,1.0310377752851938,-0.6637284312633982,3.2189677834382655,8.761719325457381
8.872127425763265,1.0243667116621795,5.929349009095812,13.1293349687703,12.670357700677952
4.722149251619493,1.2152215480983548,-0.14662638893245283,3.4736171375683638,8.057647586013797
1.195942459383017,1.110617381195281,5.541854193081005,21.981797130049035,2.813104345206477
7.13244787222995,5.126997958425717,3.1971731919389477,9.635810859318681,13.645128933017547
7.607850486168974,1.4550406751931586,2.861894359030873,3.0181814872746475,10.070086534769127
5.612771975694963,2.7653382665909056,2.1015080881320687,10.326834857634138,7.787051094322264
7.70967179954561,7.174307279248095,-0.1546415062579305,3.4599927351797715,14.425529862712317
4.937955963643907,3.791693122102979,-0.5877757439559339,1.5305116739374105,10.29567137472778
5.227328293819941,5.340461908168217,-0.23611032743859717,9.118388190236711,10.234637187296427
4.275410183585496,1.3785589696130387,-0.5084939028459639,9.260976777836161,7.613186820305223
0.2541912674409519,1.5383121504693662,4.2366757885340265,17.70429887422118,6.188871640574266
1.0789142699330445,0.3269489301318309,0.8010020733338408,14.477939609002524,4.7551021696162215
0.3142918568673425,1.3514805045773164,-1.537258587492829,12.91075822442326,4.407685977508274
6.364104112637804,2.228722712255669,5.752821041126491,14.437344630957071,11.75577340336283
3.143559810763267,1.4160838742139745,5.0702870797074056,19.316559724613114,7.416982304450536
5.085706911647028,0.7096202700564449,5.422018265561704,13.700462109082867,7.098510077293179
9.07566473926093,0.9650869688048065,5.959262581171482,12.784109081708495,12.385375429719698
2.4929222914887497,3.686230144261806,-0.6088380062441017,3.9051086347229633,5.798093166133717
4.103829230356297,1.65066974724634,1.16993615122127,10.176095168561176,9.3708386932573
7.555511385430487,2.9141588883846037,4.0659078056327305,6.98919801083046,11.88375799801414
2.2879816549162246,4.027338166838855,3.568164944430338,12.178209069505655,8.071974496325387
0.7697990982879299,5.523158629034922,-0.7688327492811595,12.212744580536118,6.879865780039702
2.8975145291376805,0.3144971187287915,4.526664999924942,21.33531273172197,6.229513005684003
1.6122128725400442,6.395283191272341,-0.2044754253067147,9.469819224695533,9.561398232015415
9.29697652342573,5.023203115927262,-0.20945908141901537,-3.766061236998946,13.198033966072085
8.08120379564417,0.6540722555909753,2.2957953831473086,7.273765366390773,10.61428006517487
6.334037565104235,6.988628992854218,2.7435194787336252,9.562824045629533,12.673259361513804
8.714605901877178,7.3669792042545055,2.6406896627024894,3.0350747893172314,14.472215142257657
8.036720768991145,0.48862367883891,-1.268105300817961,10.02086680285764,8.582884586128593
1.8657005888603584,2.21502118517763,5.019686901043043,19.698626214973146,6.698514632863164
8.925589984899778,6.449610238344491,0.12480034070964852,-0.10704831202075926,14.155896030946577
5.393422419156507,5.986077523069267,-0.9638806297375666,1.3658607413429245,10.062749274594218
8.074401551640625,1.4761681548510186,5.1099846389518175,12.195383286925008,10.426957032885987
8.960912999234932,1.6747945866936824,5.645211985838027,10.917477201178544,12.847635933119731
3.1800347497186388,2.963776822331056,4.897020938123605,18.282794279723966,6.901060957784592
1.1005192452767676,3.8761838815281706,4.476128597799025,20.162729647527634,7.8066905808481195
2.279351625419417,4.946038172242368,3.241935845112174,10.812882897847217,8.568663689915287
4.271077886262563,2.9513091165581793,2.4068589648731145,7.13024882987472,7.174392669224035
8.18014765922493,3.700277729065183,-1.304105920708719,-5.2411743746950314,11.251886450385587
8.607305832563434,5.979767505070052,1.2676257045655897,3.3128315344538537,13.560543808635222
0.06952130531190703,0.2934656231247832,0.9815081360985118,12.843964320752033,2.8816220622167985
5.107473025775658,2.019495554752166,0.07803027008260965,0.9138095515339444,9.374232138572534
4.17411003148779,5.7067966870764195,3.7873609095086795,12.272407790409428,9.012492512499364
2.2210781047073027,7.161654701497595,1.9670058806301665,17.034889886396783,9.717256428621356
1.198653673336828,4.093419536925329,-1.3516302727388165,8.241221818727638,5.378560104462591
3.3761517140362796,4.256907882122525,-0.23853438440150931,9.700762384211107,8.618151821248432
9.429097039125192,0.8573760907182084,3.4660701092767674,8.44377592003305,12.339368259736137
3.2320293202075523,3.579298934587637,-1.3909531240775985,5.8750270223909995,6.245080373436044
5.187906217433661,4.260938131640185,4.8096553123901495,15.337474451315988,10.77561494588885
7.030189588951778,1.9397640290778373,1.9611722161117946,7.082895961597335,9.477331258441136
3.63629602379294,2.1539458475950477,1.844692618613184,12.482503963507918,8.409843438912732
9.717820827209607,3.018273304836981,2.739262277276141,5.997983197981139,13.701920389729318
9.624472949421111,0.16056958222181095,4.597447727401193,8.214077025089864,14.054849366007634
2.5178229582536416,2.5766333246654263,0.7824736632175444,14.067143333799173,6.243765274844719
4.972485058923855,1.6915840559723572,3.4241292204725085,12.291065245136027,7.97817739144341
3.0087830981676964,2.619978817423317,2.5258557119663285,10.81502531773107,5.78593228152432
2.848404943774676,0.9580970545540097,0.13622616135537058,12.629305196571448,3.471960559735681
0.36886947354532795,7.12421824591916,5.029039890841264,13.70613792589906,7.243511322581095
6.095643339798968,4.748739628432389,4.379408172855425,10.539892020885848,12.391145848589854
5.026790232288615,5.432818553155917,3.267614677267404,9.495661904697425,11.81609362267905
0.5147875124998935,6.313369908858706,4.804653832753935,19.796226504538797,6.742873145245046
2.7864646423661146,3.9875375914324582,4.938353607678419,17.297837466172183,9.675638888511864
9.082658859666537,0.6953623046993895,3.6669038137202783,8.969794368985628,11.278156679422102
2.395618906669724,4.296852334548382,4.696106626909376,18.185234282322554,8.71947865024498
1.448948720912231,4.694728944167033,3.579771693354269,19.04575856665504,9.276516245999636
4.89452760277563,5.96351579347464,3.4411261740824033,11.190874422068724,12.508713066020569
9.856504541106007,3.453276369837435,2.9488910257214744,4.863967852915197,13.904284205692221
2.4205527151150044,1.02064242236451,4.02173311646113,13.375913781611603,5.208274848781712
6.721355474058786,2.2702072463897958,-0.7311591576554104,0.8261279083083863,7.267201850499834
7.616196153287175,2.9046583711890808,5.0469660735914275,10.191612916427262,11.682773900625824
2.3763754399239967,5.16733793065281,4.974748221961856,13.648064854033892,9.037168675149426
7.282163486118596,4.566226437351295,-1.7660217357235268,-0.6015238457649792,10.2333195957844
3.677831327192532,2.84877380718277,4.606534004518101,15.38733414309122,8.554893093764342
6.3230583059357945,7.8921219903438375,-0.9690410602124384,1.2341491133535114,13.001377433477938
6.335297107608947,4.846198554855097,0.6809508340731352,4.330614543917615,11.073535653660484
5.357746840747585,1.8978143338879558,3.948066050332862,14.434056330970432,8.684859424670794
0.902897700544083,0.8142597809632299,-0.7139208316135344,12.387656931586577,3.3370681996466027
8.35302495589238,1.2228731134746562,4.5437361929524975,4.887276152516552,12.17879514719056
3.2078006497173583,1.967661827076065,4.657073423661935,13.744113712714956,6.571106813354602
1.8651851039985423,1.2854509860764454,2.0597418700866896,14.390767224305781,6.607337224624477
0.40775141554763916,1.492536192410446,-1.9489130262653314,6.764215579493157,2.7284895685163266
5.908929431882418,2.280761349550777,0.29630506539930224,8.328919390188043,9.022310575944358
6.775643618422825,1.3869887623580386,2.9354153470059376,14.755012165546178,10.657810417589507
0.16587828927856152,7.174123397011401,5.849489424219388,21.492167026677635,9.159239796788004
5.12093058299281,0.6418699652931377,3.054508216133347,12.282821039583514,8.927635599151973
2.2649577519793795,4.196091116562037,0.07842864851327835,13.514999187694887,7.286378518130675
6.451727904094499,3.283174615917292,3.072045624796891,9.68545763115444,10.413953657625784
1.7436642900499144,7.859028935268851,2.319883037726844,9.088946346961169,10.128086552257274
6.90937738102466,0.8963112173444188,4.238763161209149,10.509634920085777,8.97376023610537
3.867353463005374,3.182844792365933,-1.1441548893843327,5.18925861695992,7.4739227103222134
9.367299887367345,7.755763466202951,4.088223220016224,2.522433736597475,17.052841300333082
1.3752094414599325,6.924057007151842,2.330132629408882,11.816950675766392,8.575451333870355
3.410663510502585,6.536576567594239,5.703936030871957,14.715568522779037,11.22784405459095
1.1347352124058907,2.0632226163595186,0.7349773283094887,13.099343704949794,2.804161675612172
9.246936182785628,1.3671006991205266,3.060975145071585,8.712273248207252,11.648780689671948
8.77339353380981,5.349145759395448,5.45622484408014,11.948887242391105,15.370168566370799
2.579416277151556,7.435007913020686,-1.179922176074566,7.035473279213705,9.331859927725912
6.59984046034179,4.454103144111438,5.497827897891609,7.308956873788404,11.679401843627142
8.172222002012159,4.572901515759199,3.503085778406507,-0.8721223521180539,14.872664437229037
5.5520081159946235,2.2398327492822734,-1.4573035271586248,7.1627285043605164,7.261324322530665
5.296505783560065,6.155943465535495,0.40770853557453,0.23036499541505684,12.167785392278
2.418522909004517,1.496349988460187,3.6653767091622527,15.72446137649176,6.750922984646556
0.9310276780589921,2.5894338912339494,-1.4611951882498264,6.109087812789233,3.565942767798106
8.972157579533267,3.4034915089313342,2.657363681410186,0.09072190679023162,15.029905874864443
9.004180571633304,4.06088302947564,0.7670644556236539,3.721261758509368,11.982863140033539
6.33101457273268,1.939277859320642,2.967324142139817,12.579811919381937,10.864759033235806
3.390297910487007,0.9186945979136283,-1.6340637294998972,6.016060032654686,6.204717537170856
3.492095746126609,4.884960339533061,4.97229444921901,6.586831630415404,9.383426534876149
7.259556788702394,2.309044425922046,5.787911753419175,11.484430598190807,13.278771034067669
8.971102599525771,4.649905771380898,5.751022842285532,10.316698543100292,14.804186717626528
8.870864242651173,1.2349017221936185,3.9972146539433977,4.926128805656408,12.336067049384464
7.798755458576238,3.84912081483854,-0.9593100789549442,1.6733114387427328,11.68579329819033
6.420316461542877,4.260715460412687,4.066105567432181,9.940276681447683,11.846308566436576
0.8413996499504883,0.41458829457941526,-1.803304668329588,12.691567280704765,3.3172883638219357
1.6162871409461377,2.6928342255513646,-1.823011587768022,8.530411774013972,5.586227628959286
8.985541885270793,1.075317415511794,0.58888175319633,1.3212116124154423,9.267842440322687
6.0642905965958995,0.506999763782142,1.909145523237326,13.77068426290867,9.68984527143316
0.09197051616629648,7.919681859119562,4.163259342462346,14.323190187917401,7.213036580636389
1.014715428660321,2.5788307597977838,3.4663630128520415,16.836907778517656,6.790880525850007
6.635017691080558,6.478995566837079,1.5672216510139867,1.40581091653506,14.103684450890237
0.05061583846218687,2.037125238110111,0.189013330253327,12.263234045162747,2.4372794901538457
1.6080805141749865,5.452021777791434,5.976996001261689,15.019771820568698,8.645972219635414
5.487337893665861,6.081822879117492,1.4094504178877836,5.14507367136838,10.513010576561918
6.918951976926932,4.765109924862754,1.6110961946374038,10.436939420180614,11.831041554740652
6.519612595026006,3.772609508401267,-0.6910094304666465,-0.9938402952462582,9.993140878078556
2.242693094605598,3.2947273131781483,4.358476389999435,11.370016827299693,8.411936353638913
7.121792213475358,2.7909461323439624,3.549457806251909,13.95879012981309,12.738421372763776
2.3724908749680007,7.436233153982607,-0.23384309768991685,5.22528874886184,10.666135876742006
3.2539969815926773,6.644955262301833,-1.3409516350732584,1.760593743657683,8.615612449944413
7.464914051180242,7.720215285332101,3.4439944165977048,8.151636597402817,14.946549797029471
6.496328990472147,0.9943777878843578,3.236089714249082,9.446190933288968,7.830149264997757
8.49223410494178,5.846939801629154,0.1860762159856746,5.888910697385862,12.985821353887523
6.576128923003433,7.506723654568303,5.606908498003283,11.54740672976397,15.820146771399346
5.683086033354716,1.4498645293252812,-0.7915368657527981,4.369365613447812,9.507804364369333
0.9367476782809248,0.53197013893422,1.4586784083408153,22.11026892722325,2.418706658329109
3.6771580305943354,5.928965194320472,5.548927361340791,12.35048448083159,10.531931812808576
2.6520236768172545,4.595784905439295,1.3578185354089785,12.403957582609248,7.984810546606803
2.4398964337908358,6.7346302140661765,3.1082075813126844,12.244609221386558,10.122771373471487
9.730105547524456,1.118179013010316,1.1807551837023542,8.105686776312327,11.084443337068292
3.930977246667604,6.3621384948791215,0.19372161878936023,10.168232526460177,10.473553998517124
8.920465551771134,1.6130185603819562,5.871821183678626,11.908770712284314,12.445238996894062
6.311386259972629,1.309247542925636,1.2746720505203442,6.030692918434303,8.964670258301137
7.948113035416484,1.3141263834479435,5.152793629433075,13.520070123708827,12.16531253712202
5.026370931051921,6.516597761851057,-0.16036315287131053,1.4813858346935662,11.043665595192014
5.769038846263591,5.321577765569601,-0.2951623677993336,9.417309362908878,10.392304796669583
4.925176938188639,4.184523398152955,-1.7509273369239091,3.5253839435136163,8.726937618073839
1.952429877980445,2.87064387298802,3.2133346030070804,14.084606298607344,6.642275022970804
7.224521152615053,7.017604326504866,0.9482107497900891,2.6928481979379013,13.328844260961853
2.807723624408558,3.139560859381083,4.914865998717096,12.450003092691421,7.9403076004824875
0.2431596643145384,6.532795515772617,1.7856792535324573,9.245648754971192,8.92615150548837
6.454722959071678,3.5130792685617473,5.745547423317774,16.663431893074524,12.552989826094304
1.7711067940704894,3.0155554353992606,-0.5157958743750308,7.7178508503192695,5.254665839101253
9.404585843529143,3.7014382853568515,4.948985343644886,5.03609142690106,15.236784066530225
9.539285770025874,2.4110229933131366,4.212774822333934,9.553159172401202,13.203086245286652
9.148643902204485,5.980875041410009,4.167374757152416,9.045101883944225,16.84372910570341
3.7015870025544437,4.021763120739833,4.758265824935101,16.63494376974065,9.943784426495508
0.15456616528867428,1.8577015611745384,4.088191927543991,22.448790301447396,4.558656075840952
9.283185625877254,7.196596586196548,3.009762573051323,0.34715857385866045,16.743130371352787
4.281841483173143,3.0711297709856913,-0.9500409785408994,1.714392935366794,6.147559728915044
9.666548190436696,4.348422888911909,-1.7397905640699847,1.8157189701079206,12.095084755500562
9.636199770892528,7.2517768877163755,5.366782782525495,4.717273422017701,16.16493344356333
8.530094554673601,4.993903967311937,2.9332025161659043,4.416068085425843,14.195721725938075
2.944488920695857,0.9351843256669126,4.3722983278094105,21.26149575189273,8.348873554421026
3.8509772860192526,7.518656988907801,1.8521788121004006,8.810859912003236,13.51589323947554
8.511366715168569,5.021664424571343,-1.0615344883008442,0.5443899859342005,13.494985895802156
3.1692200515627764,2.679244917256689,-0.9985136623795965,14.050776545453175,6.92905986471676
1.6949274668609249,1.114176581307098,3.484522297831771,15.37097453032844,3.549657282286593
5.568012624583502,6.352201514162368,1.4424471591957015,8.183814762207167,11.347812770063497
9.36154774160781,4.960582047428108,-0.39580218639730624,-0.624986832776564,12.991275992819276
6.96029796674973,4.267688735810572,1.932756373931495,6.938402848738881,11.210629599070492
5.700611700893649,7.151140664407661,-1.4863285033989273,4.794265951540696,11.52230662628518
0.9717649377076854,6.308777689796246,2.6557712153151902,14.294024014755436,7.615373613691718
6.150072266991698,1.2133990378620094,0.15194723548078137,8.492003139690427,6.450728727064381
9.900538501042632,2.493776542364386,4.380472805097505,10.912563784432997,14.718180328240225
1.4008401523652403,1.987913118515726,0.48289567138859013,11.358146640803358,3.7244209957664944
5.183296523637368,5.951570340581416,1.6417611926544096,3.96380068613462,11.562841331588094
8.773730719279554,0.26825947788623505,-1.907035680735195,-1.7380655486103453,11.586111247401378
7.407686177542044,4.559117478970532,-1.420424897643529,-5.566224510820177,10.51278773418773
6.97015740995268,6.099669485925524,1.1399484512534785,9.634619586017548,10.354607321734992
7.024840839871093,7.014125094093996,1.839510677736988,0.4085318363199253,13.498093303190766
3.5949115121975517,2.7366539897272597,2.8001643849544298,12.033268700255459,9.092087104271778
2.9359184426449336,6.570058437376103,0.33330062967442586,5.890362163770074,11.299705147666636
8.093611554785136,0.8850538956416578,3.5598550890123404,10.841625744690322,9.742195058507066
8.101133946791808,6.7716183338761455,4.880979177513637,9.630025000637259,15.992146362316543
8.670723185801037,1.0199092986558593,4.2388079111467984,12.718837069913501,11.323919292844023
9.132405525564714,3.178298324482938,-1.6830493972131428,-2.775331701790536,11.83311062667822
5.113423988609378,6.378362926236429,1.8440555780626315,6.025919098414317,14.264495658549764
5.015162946871996,1.1993394187901902,-1.160558572654601,7.12923492120445,5.502046345146396
7.9829517896677515,1.8340111618611319,-0.06363987309978025,3.111715734709481,10.703112123568408
6.4996393077776515,5.77802054714453,5.893300746137172,16.24000424021693,14.129973155607642
7.019668772577034,5.760292292368595,-0.8600356567878942,2.151035008745597,13.177682127880326
7.95792669436101,5.129181063082378,1.9911052276108485,6.538434315866611,13.447875490836724
8.900053418175663,5.5515875557368,2.945245874544953,6.285178471419433,15.087783667241444
3.379951568515358,4.341795546780769,3.6197197643528316,16.420622899342177,8.77548065629442
3.75582952639944,2.014392471255622,2.477189467895313,13.140339469270264,7.802605085252134
0.93981939840869,2.7655679480313555,-1.9218332206465307,4.886516688647151,3.8619927804983996
5.78280140996174,1.4527817344114053,0.6116904659519351,9.015012474702615,9.026547512695181
0.35942273796742086,7.267604490669027,2.1416931470776914,10.013078161144922,7.683701215718671
4.655980181324601,4.667134358128964,-1.2970680068413332,2.147664240396038,9.445356205732201
5.426446347075766,3.206811334109119,0.8050154496734461,8.889430546997236,9.340811467461629
2.865412521282844,3.6960464291530615,-1.7343751296690675,9.717954350935443,7.771841481433151
5.9083326056901075,7.578266716894523,-1.371372022759834,-0.14585580427531342,12.159480716530826
0.3050024993904943,1.2268112249286416,1.1753862096127685,16.34212637300454,1.7128535015784432
0.37348188749214417,4.689838656134378,-0.9382739676555172,14.499184692524361,6.599460068454331
8.226005606596583,4.047109431075728,2.540326786092465,6.423855444827922,12.092747382655054
3.601906414112629,4.891633883477183,3.515719753098126,19.843034168471473,9.06680907841601
1.2706051265188478,0.14488147056672407,4.404693592872663,21.66293799792763,3.9707084270819766
5.222432600548044,6.976991271553212,-0.39879804604151925,-2.728997484429954,12.838881909938848
7.699935530986108,7.456946259868899,-0.660139341927442,1.0643362053439849,11.816088343238798
2.1582102749684315,4.5210654687136715,-1.163457277324798,8.191584533728083,9.895846426033712
6.228904758190002,5.573206591015138,3.0914419963490936,11.573170274131764,13.490748304052378
0.85347464993768,7.3799950494183655,3.6518058118952093,15.56908715219278,9.25290437723449
0.516817211686077,5.657909074507189,-1.7473108413948637,6.817157872327339,5.846584589637756
5.31354631568148,1.2203123433140908,5.4896979699495185,12.209146792587134,9.568873790275708
5.406351216101065,4.610306881334505,-1.5842297307882207,1.8207186675707105,10.138784420567983
6.374299014982066,4.853720371062847,2.3303706824085637,4.4118595461561885,12.478800163900479
7.260913337226615,3.393045370419088,3.6724841556073313,7.339623582989621,12.567303475482964
9.758520794625346,5.891553884997783,4.967752989968685,7.793896636666216,16.486663012907115
5.163003483011953,7.474936118152119,3.7126954570594224,13.403203624507317,12.795628634227741
3.2295647294124596,7.404548103254211,4.4138246645583346,13.005635428408123,11.26266604446315
7.9518619476870365,3.606714971233057,0.7156015403424485,0.058146810197231336,11.701148414531524
2.708322512620742,0.905904366726042,4.518600909972098,19.136998861092845,7.560973687925592
4.389714207056361,7.878729591698677,-1.3590812289225989,4.98063189472648,11.65168585414388
0.7845638134226596,6.711184691567473,5.158533248484221,14.598026830407012,6.0111080560586085
0.2535074341545751,0.9973014496261348,2.38073900922989,17.067006933139684,4.29639018477614
9.626484146779251,7.366735060938979,4.53838215969995,4.406468798851232,17.37680111738737
8.359801205122059,6.959170896497026,1.6185462761464011,-0.5259736883712098,14.862095838555794
6.95974206093698,4.150704457008577,3.1486215615721997,9.99551960515864,11.72532899013206
4.089529444142698,4.730203485959434,2.2112212874889057,9.262389363671229,10.779198046132718
1.7329432007084578,3.192021630961042,3.852716174042655,17.404522447166084,7.8974053366459955
1.5643704267108605,0.43809311057625067,-1.3469601437552834,8.089364250446742,2.5376328504929555
2.502428981645953,2.6815779331672074,-1.5171833280754896,6.263672982407626,6.0811879254002905
5.4922666470612045,6.4228275887840915,-0.023174127918828447,5.403400834104353,10.460410321587013
7.145959227000623,0.03705618403682287,-0.7236425590944933,4.191240685452754,6.860591700609059
6.601973767177313,2.6679933735291534,4.9742685327376135,17.585531133370537,10.674935087161307
2.7993389694594284,3.1853495487275465,-0.24628810113564548,7.524172889119375,7.537656798664833
9.54865280663194,4.299164823503383,5.80692204655305,9.486722020324198,16.298404561763117
7.378969166957685,7.358844931302084,0.6951663341688548,4.098683051481663,14.513899022521324
5.543540525114007,2.77076795492769,-0.5430566744904057,1.0614547953863358,9.490902825552865
6.117207462343522,2.7756256151698215,4.317588057139833,6.632806202819338,11.259879350984955
4.196000624277899,5.900009984877987,3.269662204007009,5.572315625264359,10.24582461724385
2.4773098950115746,3.6177435271184573,1.9855657316251119,15.899134212010559,7.789591638654811
3.559726786512616,1.7968385835198557,2.44290840750105,11.29964516294321,7.99482316380325
7.578461104643691,3.619516129061547,3.7536142261781107,16.315252967450256,13.234651882189413
0.14393488629755868,1.1268561630383989,-0.17236206934961018,11.97450730601563,4.055545462464442
1.1607264050691624,1.4110958920497865,5.9706713284539354,21.987912502549193,6.531926134734341
0.4600264202175275,3.986942181915838,5.798345297174265,24.58226235367132,7.295835102230723
0.40728802318970136,3.3514035960363833,3.202605490775495,22.652318395983862,6.743473623645276
8.554605840110073,7.3187672085448,-0.40366039256683894,4.458479366091007,14.674662925061313
7.036578593800237,2.899151192933065,3.4418259394503306,13.024622334048189,10.51299970008074
4.741738290873252,4.644706802224348,-1.4224127281665933,6.532717094357118,8.929068440949228
0.9783416065100148,5.058114303356243,-1.7547799823535515,8.92490950357621,5.149850818695868
4.916158751168323,0.10475565270666909,0.06146310808970945,11.444082867067154,5.841132490398691
4.734717707805657,5.308298976133685,1.7009836539145304,5.969617901612461,10.34283164577751
1.7320186991001518,1.4242877349580114,4.946180043267044,16.746820787747055,5.247252335640896
4.33851649237973,7.688562539755641,3.817352558130464,9.35883564230265,12.123902858770803
3.9850473439737346,1.1893018220249036,3.9416521695998483,14.668426116436583,5.707934868919962
6.158500980522165,3.31699298981619,1.4039466755846028,5.70244029691553,10.4990236853896
6.350936508676438,0.6827973446291509,0.7674799403757033,10.073020566818656,8.425250456524136
0.4530400977204452,7.974994014767579,0.9683101038768216,12.394737452448167,7.463636298380561
3.746126146264712,4.017560082649941,5.901196509888463,16.40761598207063,10.613410210892145
6.258599157142363,4.76308013856035,-1.6791264687001402,5.593117440696459,11.400727535436888
5.031362585800877,0.5366118191074198,4.9362519689795885,12.51238605282188,6.777170326920886
8.564898411883222,5.999683763193422,2.6294032685791473,3.2855014202149615,13.934283406937825
6.58693631618945,1.679244744764686,1.5089233535167237,5.865198693227582,8.787248662173505
1.629344270814297,7.18443431552571,3.802061283321092,7.400721496364733,8.696229148488326
0.7056874740042984,1.6411171238560573,1.8933515313976228,15.432266571678332,5.181381014654144
6.424192782063156,1.5255017653093326,4.9873859046532845,13.186403581106822,10.152014372196554
0.26511310541621813,0.29239734278475904,5.205614912090068,26.79671799713423,3.7404495671403373
5.8577558127346325,3.776535560879994,1.3737674149876433,8.902550752160243,8.323822984166705
9.402302414249576,4.518729066100931,0.2146223778804126,-2.6483730561472307,14.32498726266862
5.75474177875879,0.5256691154268189,2.738802628746898,17.34425621527091,7.1296183754522815
3.881699262065219,6.204220933560085,5.298906764933528,16.99004537265002,11.486088649097143
6.432882184423532,3.626310677984221,-0.3147024879546674,5.6537322147782305,10.510977632141925
4.582528904915167,4.19512215462064,2.9837326685078622,9.941014296617587,11.316639919049106
5.45616789315935,3.526101975505825,3.0524817607401644,7.33212187874393,8.98574661580043
9.41464808776525,3.206104487002608,3.864904179322248,5.818274645849826,10.8574155178664
3.8610263780077423,4.477122650465743,-0.9474585189819216,8.630128306657792,8.508521584592108
9.611905638239142,1.2419219674457,3.7265997174567085,13.71583415414536,14.438551548375084
9.053506419560637,1.455425043962169,5.272260165325128,15.509573094161759,13.987577710915069
1.9579113478929644,6.894284968108138,-0.5625351290380642,4.824727449126013,8.629018567342571
0.6936130087516545,7.568923697069062,-0.09965340060897887,4.604193031062264,7.400966090010091
1.0077800137742665,2.9864745302380236,5.771160752333117,20.480884228513748,7.5360050059007015
0.18221825651549728,2.16595738514843,-0.5521843783240818,6.914977519887983,2.540965087266155
0.944429607559284,5.151996345912126,4.835080746956633,17.967211657188454,8.383266082385052
6.830067734163569,3.269873368784771,1.9382228515842783,6.652546542456313,11.522909333538463
0.7118864846022899,0.2030908452827589,-0.02215140477458366,12.551926929484441,3.8364259139064965
3.189756302937613,1.2492207789295229,4.965999210180091,12.837805426800998,9.994695019859623
8.448753109694545,5.72777783077918,1.562442040021324,4.163737383484337,14.47447085945568
0.23271935735825866,5.271391535281211,2.1185388314375215,12.08332927111567,6.026019520043038
8.144684825889358,0.21676794002786792,0.8738669551981255,2.8540137825768,9.718539675687374
2.8185477477339993,1.7757772954635955,2.7436068114794194,5.695744443722505,4.833743218339824
1.1816482762165625,1.8485983727045712,-0.6918090193198179,10.982885126244833,3.455246472603103
6.967371653641506,5.375141948789827,1.1286522932140857,9.348773686428693,11.962547102281356
6.28942846779884,0.15768430203491324,5.7552985786823,20.94326390868052,8.973365808113492
8.77472013527053,0.8328686558765908,0.06506746160902033,2.530353335628808,10.652131291373518
7.350710438038858,6.399328682985515,3.2538933163303376,4.133888321375124,13.248917534841734
8.034809303848485,1.428357296434669,0.601520513797559,6.5241465371554925,11.532665302431646
2.820345725713065,5.221968862814998,4.187785005492805,10.724531229566658,9.450231923678295
1.7743954377972282,1.9054622483738122,-0.9530107142532014,10.82221530402287,4.635575932464599
7.506147516408584,0.7955311420747613,5.758568360628358,16.292291442746496,10.71208035589565
8.06834739267264,1.9453775279956327,1.630316331069114,9.88795527465292,11.267562506182033
9.905051420006734,5.778135454845273,-0.11159629322828835,-1.9764267371665896,15.750860473096898
4.126176769114265,6.845571744850286,-1.4120260213598987,1.8430701986119076,9.214721291479167
3.720180857927832,6.641758916535933,-0.6419367592996741,1.6255229380386598,9.146696496845042
7.764129607419968,3.1774682369476386,2.1581915884481413,3.8977162020905602,11.555675860299097
3.4080354025301784,5.344681092565169,0.6960254114502904,6.999214084382504,7.671445327034651
9.307573256035647,1.6398743633265678,4.631066927060876,10.567709513135817,12.094790203157446
8.584127518430119,2.345181842088106,1.4471001892944475,7.734305666854793,11.325251239292456
4.289940273750183,7.170686548168958,-0.010285819298960774,1.6905568519751384,11.751730265016475
7.508710677914974,0.10401538808588828,2.9371598928322404,14.790140422160247,9.974359678635194
7.545428740846823,0.6840682468357446,3.6542177350835665,10.066186713012861,10.559588871439779
1.031238688359326,1.6630900411682186,-0.6636647367924011,11.372442552800324,4.744076389471398
9.025529066795666,0.21225763099055772,-0.6590462696934587,0.7693545730690969,9.936470832502055
5.052523724478571,1.4514834807183785,-1.7066285845316562,-2.0568789115652955,7.441786063102972
8.264574661077416,4.664332487757537,3.891216120525124,9.840004786371907,13.76729301962499
3.2004960103061175,3.3713964047399836,3.3104362209744407,15.638473686579633,8.498917108285456
8.955232284962005,7.141373688615799,1.797047005998511,0.3922101447960811,15.015026082684836
3.892016787341631,6.539548493907527,4.753363591753577,12.428958599369004,9.067690973592383
0.1083765148029836,2.7345388135830078,4.445361223600425,20.89817661988295,5.211045237724615
9.053819764192637,2.07538746745034,2.682834915174017,1.8117211111099607,13.828807625640756
0.9128667678613356,3.0375392653381352,4.946170244106069,17.306625800416107,7.357924052285309
3.1931363759041487,4.722359540118462,-0.353270319705854,9.243237276126951,9.038890805076072
9.50061967050805,2.14450912658301,-1.104643044818177,-3.5361837426110805,12.956451900426115
9.506071469375561,4.993191262793072,0.15799689213591694,0.7158303612186321,14.186754864995368
5.734378881232861,3.2752932175299234,-1.5433051512854812,-0.8861923723018115,9.187970407400472
6.318372121697992,4.416377446815842,2.249356224008256,8.658175779822699,10.83515409406741
4.4844552197831975,3.4890122330825335,5.492845538359692,14.959787810441224,9.81009906644351
2.9321077169806453,2.3557260763353414,-1.6852516746519228,2.2236169188605412,6.398100846092885
3.2866454536991596,7.5876264556972535,-1.0231206879197856,6.945461322495042,11.1662676581102
6.725184560770384,6.108846353278087,1.6175922262674822,2.2653150534601463,12.674689944187252
7.5237452943768,1.1209054061316204,5.471000140223239,10.85052422113426,10.747115326446815
7.915790437258485,6.947743807183302,0.5292488398140041,1.3384372809570106,14.146934669361746
7.896181427945539,3.899449585996109,2.0578784695071395,8.937752370215321,13.05474828512952
0.9120610304869037,7.156417815152731,-1.6674171275968632,2.631801362963044,5.886267443632524
4.944203047025814,6.398842047578522,-0.8132543923032891,2.9130406665951867,8.388814904799974
0.5755876001664428,3.4017080357538676,5.893040983670775,21.713939427695056,6.116599910787154
5.495288823237355,0.17975446656093919,5.720949571488364,18.9225910178884,7.567160513038627
4.41530501373377,2.1494188750795686,-1.960480152524723,5.570703320500413,6.382083481511363
8.877041827582998,4.333073717286935,5.614494283385912,8.201748740899756,14.559057213123854
3.5091501255207866,5.067825758609178,3.112959502524003,8.92142783432756,9.186352585729319
1.1706701642760586,2.0631014834656183,4.943346356160177,19.618165799475623,7.433245627593184
1.4299168205283586,1.114848592582593,1.6379188450708728,11.632682172949384,4.885439571406919
7.615106317174723,6.679441894394393,2.124768228634002,-5.0585802036580025,14.467109839734352
6.182180633162611,7.875217445628417,1.9107726420553615,5.457047659258179,14.272053718446251
1.0112267612279024,4.205521458421487,3.3349140603688348,18.136286333601166,5.715610206330034
0.8410680611499743,1.373434286786428,-0.8827899619494968,4.478988647641128,4.492640054620896
7.009691314591199,2.1784586121549516,-1.7602112810185764,-0.8239055028910776,9.229815540799512
0.7276300636419353,0.14712541237973387,0.4634395327295273,16.561765675835776,3.5673673230036265
8.218600592903563,7.314390452483992,3.6374461018931736,10.91482248850339,14.536190447879797
7.062422271564962,0.9420086631211291,-0.3851723830164131,5.256108892126747,7.346275627672267
0.8134878064189976,4.6121318041140285,3.3874594665993385,13.231289565217585,7.794758786661748
0.8483771408519192,2.192441765497648,5.7592963688581635,20.318249248552306,6.402447099370047
9.866395785011754,4.433424020126347,-1.248794273684653,1.8650236888023923,12.706463184136116
3.742707957561203,5.211363106814914,3.38081694580101,9.472992846802534,9.160973339041131
3.706421470668909,6.637934429657613,1.5500017544365692,5.16937330317531,11.57276873510809
8.127995672575025,1.6513701740848257,4.945138035020043,9.894785539626076,10.765284744815585
9.472485773838587,0.08796662926784382,-0.5828016844209127,-0.17154458342808443,12.054646284871911
9.860010638228708,1.0950850405504582,3.541007617809316,7.971441576383545,11.802250653486084
7.533781852589416,7.200149134784841,4.704922317184882,12.130761320250834,15.87037668244371
3.762595855309158,6.991120620500122,5.556913755792186,14.19659693026528,11.618576355117
0.8350071669866876,4.779304817362466,3.4659842263171665,14.616463378822889,7.740002521419239
7.771469159274368,4.804134883469227,1.9773981120674184,3.9215924634498736,12.406322093281425
5.58404249735805,5.320293396370044,2.9427779216097107,3.7675087423989,11.469884095491896
4.242220092469763,1.4029702289875967,4.951239875829746,18.863148851032307,8.32636838165875
9.06354385094736,7.315295567399678,2.5648779731106375,1.8853162935709753,15.045172299184118
1.1119748230615134,3.350164199136585,-1.7569035224253051,7.80870382860708,5.559645568843506
4.926251042908591,3.0651082259959797,5.447589564055822,24.387119217331225,9.70026499956008
0.11353644767419069,4.1513416422627,3.516214008252489,17.713262686456606,5.834386239626389
4.6866064199412625,0.37572773420044037,3.412107086217972,11.93827758775154,6.5102379431443245
0.5630327568183735,1.3302669500486353,-0.2745987808182626,11.56917617193502,0.7932030531297913
1.1881791626807192,5.9042689314109635,3.2710837618612576,17.202732630036518,7.992646864358529
1.1752624677710488,0.6623893434010117,1.1509152452332678,15.125957663417127,6.279298756557548
6.492103021160636,4.825216875731106,3.2098638163319366,3.8492646635681584,12.96810796485395
7.460448792654233,1.9627928774505676,-1.1472557575360742,5.514030314275965,9.72492182060899
5.833687650971596,3.1143649123358124,3.2627624368242882,8.397794287584885,10.146312226348526
9.621725484745419,2.309549894165599,5.9953098061653325,16.219147540873657,14.097296696848444
3.748705795237041,2.845381731719593,-1.6143036891155518,9.043936323810492,7.428430436357597
2.8571208628186073,5.752367241473964,5.817393473770538,14.353685695118054,9.162471072390836
8.685991281894603,2.3769737249854,1.2552636857829649,8.401176095617942,12.972174561598683
2.235958385194526,4.5312371223751775,4.966027602698073,16.34446817549575,9.389418128588362
9.632225394406113,3.8084032175927973,4.259083872466188,9.341553786704367,15.33079599472825
0.12154474689816341,5.309369322901185,2.5361300878933424,15.865044429124694,7.025263563416907
9.69878826707639,7.494637914598064,3.907593674010612,0.688064293873178,17.16705074048457
0.43159911950576113,5.860576777682002,5.028124490410783,15.405156873111272,8.672141535022641
8.911431136980712,1.7195230287260541,1.2331225732082638,7.870230525198182,12.185705049094736
5.277011090862999,0.24946508049027738,0.6162652925059096,8.388086569011424,6.754774414930643
9.929647961193004,2.0981123543986007,3.3407470845086777,5.206107800086543,12.833984165608426
0.7379656473539886,4.760623445602039,4.462767535530069,14.134726031940625,7.437292050461024
5.538542844013207,0.4114065078740028,4.098281078212926,15.44284219498472,10.051177590082753
9.69302535619099,3.9709299776098907,4.382509190869076,12.952964134515947,13.579019486505635
5.230978441701488,4.774742791335114,1.484666518503464,3.9274326718825012,9.028075241264517
6.293986381352625,2.6739511265356866,4.542673729400173,12.194724405266832,11.063916491848913
6.957486889846171,6.167297629966575,-1.0383275570351325,4.396347958904924,12.318235976583635
4.545410647677732,0.8527860250701744,2.3559127836867964,12.158223404523632,7.567935299935528
6.275580800840634,0.6011022538864701,-1.9539307160150274,5.414640550608723,7.726568281581092
5.843143119231002,5.825510049628827,0.5966866392021624,1.0356695915823395,11.292489579173925
9.01158010490989,3.9639305296495877,0.931692278971183,3.6974191604681828,14.654544587467049
0.4544638034145787,5.507219171421888,1.1693815328740431,11.241507603062415,5.013981324454139
2.809631895922303,3.47861870882997,3.5637376535188974,17.148343225147194,7.204326073786476
9.504114840765588,1.9712162659128545,1.1084648101627659,7.2429445482894135,12.16283942572781
8.902637838909163,6.552818541393598,1.5895489809802452,9.227594157720336,13.433022917133673
4.55656752785713,6.395327031751834,-0.09964695300538029,6.005286431302634,10.371891206964015
6.201325978015367,5.557571766835414,0.9860143330347206,5.568761862211809,13.428768082637054
2.7738118298113266,2.1771610978397016,-0.1818429818947882,10.240085357844475,5.98677700904551
1.881211597237613,4.721845334952697,-1.414432609852451,5.783922022141965,6.804753294743688
4.636984049399821,2.8877911755202144,2.8275887470510233,12.382220851265652,7.782851326266717
3.533522280260528,0.7326565866130732,3.34570238844013,14.305997346640012,6.080378971356188
5.836561118508721,7.338508603697942,2.955922768076916,7.0645868557553975,12.901441479345547
0.7773463696498484,1.0945490473516912,1.7079523504045788,19.706266250969577,3.6604666741961873
9.743948076661665,7.6018988305664195,1.0382862414338385,-4.2364550901352995,17.68401211782591
9.86210744479603,3.568046183663646,4.906669196574602,11.090673597562887,15.403220848578483
