State,Demographic,Total citizen population,Total registered,Percent registered (Citizen),Total voted,Percent voted (Citizen),Voter participation rate
ALABAMA,18 to 24 years,400,212,53,167,41.6,0.7877358490566038
ALABAMA,25 to 34 years,681,409,60,318,46.7,0.7775061124694377
ALABAMA,35 to 44 years,555,370,66.7,304,54.8,0.8216216216216217
ALABAMA,45 to 64 years,1228,904,73.6,793,64.6,0.8772123893805309
ALABAMA,65 years and over,915,709,77.5,637,69.7,0.8984485190409027
ALABAMA,Asian alone,45,30,65.9,30,65.9,1
ALABAMA,Asian alone or in combination,48,33,67.9,33,67.9,1
ALABAMA,Black alone,992,672,67.7,520,52.4,0.7738095238095238
ALABAMA,Black alone or in combination,1001,674,67.3,522,52.1,0.7744807121661721
ALABAMA,Female,1983,1397,70.4,1175,59.3,0.8410880458124552
ALABAMA,Hispanic (any race),113,34,30.4,29,25.5,0.8529411764705882
ALABAMA,Male,1796,1208,67.2,1044,58.1,0.8642384105960265
ALABAMA,Total,3779,2605,68.9,2219,58.7,0.8518234165067179
ALABAMA,White alone,2691,1869,69.5,1636,60.8,0.875334403424291
ALABAMA,White alone or in combination,2712,1887,69.6,1653,61,0.875993640699523
ALABAMA,White non-Hispanic alone,2592,1837,70.9,1610,62.1,0.8764289602612956
ALASKA,18 to 24 years,54,39,71.7,24,45,0.6153846153846154
ALASKA,25 to 34 years,102,75,73.6,50,49,0.6666666666666666
ALASKA,35 to 44 years,102,82,80,64,62.8,0.7804878048780488
ALASKA,45 to 64 years,162,128,79.2,111,68.7,0.8671875
ALASKA,65 years and over,100,83,83.6,73,73.6,0.8795180722891566
ALASKA,Asian alone,24,18,77.6,15,64.6,0.8333333333333334
ALASKA,Asian alone or in combination,31,22,70.6,19,60.6,0.8636363636363636
ALASKA,Black alone,15,9,61.5,7,48.8,0.7777777777777778
ALASKA,Black alone or in combination,20,14,68.1,12,58.7,0.8571428571428571
ALASKA,Female,250,199,79.4,162,64.5,0.8140703517587939
ALASKA,Hispanic (any race),27,19,69.9,16,59.3,0.8421052631578947
ALASKA,Male,270,209,77.3,162,59.9,0.7751196172248804
ALASKA,Total,521,408,78.3,324,62.1,0.7941176470588235
ALASKA,White alone,344,288,83.9,243,70.7,0.84375
ALASKA,White alone or in combination,363,304,83.8,256,70.5,0.8421052631578947
ALASKA,White non-Hispanic alone,324,274,84.6,232,71.5,0.8467153284671532
ARIZONA,18 to 24 years,664,294,44.3,212,31.9,0.7210884353741497
ARIZONA,25 to 34 years,879,565,64.4,482,54.9,0.8530973451327434
ARIZONA,35 to 44 years,785,538,68.5,475,60.5,0.8828996282527881
ARIZONA,45 to 64 years,1512,1086,71.8,972,64.3,0.8950276243093923
ARIZONA,65 years and over,1347,1094,81.3,1060,78.7,0.9689213893967094
ARIZONA,Asian alone,170,109,64.3,95,55.8,0.8715596330275229
ARIZONA,Asian alone or in combination,170,109,64.3,95,55.8,0.8715596330275229
ARIZONA,Black alone,280,202,72.1,174,62.2,0.8613861386138614
ARIZONA,Black alone or in combination,305,222,72.8,194,63.6,0.8738738738738738
ARIZONA,Female,2643,1851,70,1673,63.3,0.9038357644516477
ARIZONA,Hispanic (any race),1643,925,56.3,801,48.8,0.865945945945946
ARIZONA,Male,2543,1727,67.9,1528,60.1,0.8847712796757383
ARIZONA,Total,5186,3578,69,3201,61.7,0.8946338736724427
ARIZONA,White alone,4481,3120,69.6,2817,62.9,0.9028846153846154
ARIZONA,White alone or in combination,4534,3155,69.6,2851,62.9,0.9036450079239303
ARIZONA,White non-Hispanic alone,2922,2261,77.4,2081,71.2,0.9203892083149049
ARKANSAS,18 to 24 years,301,152,50.5,113,37.6,0.743421052631579
ARKANSAS,25 to 34 years,354,198,55.9,142,40.2,0.7171717171717171
ARKANSAS,35 to 44 years,367,222,60.4,183,49.8,0.8243243243243243
ARKANSAS,45 to 64 years,669,460,68.7,378,56.6,0.8217391304347826
ARKANSAS,65 years and over,583,441,75.6,384,65.8,0.8707482993197279
ARKANSAS,Asian alone,39,21,53.1,11,27.6,0.5238095238095238
ARKANSAS,Asian alone or in combination,43,24,57,14,33.5,0.5833333333333334
ARKANSAS,Black alone,340,188,55.4,144,42.5,0.7659574468085106
ARKANSAS,Black alone or in combination,374,208,55.6,157,41.9,0.7548076923076923
ARKANSAS,Female,1177,784,66.6,643,54.6,0.8201530612244898
ARKANSAS,Hispanic (any race),96,47,48.8,35,36.6,0.7446808510638298
ARKANSAS,Male,1096,688,62.7,558,50.9,0.811046511627907
ARKANSAS,Total,2274,1472,64.7,1200,52.8,0.8152173913043478
ARKANSAS,White alone,1810,1210,66.8,1016,56.1,0.8396694214876033
ARKANSAS,White alone or in combination,1854,1235,66.6,1031,55.6,0.8348178137651822
ARKANSAS,White non-Hispanic alone,1724,1165,67.6,983,57,0.8437768240343347
CALIFORNIA,18 to 24 years,3054,1880,61.6,1621,53.1,0.8622340425531915
CALIFORNIA,25 to 34 years,4422,2936,66.4,2560,57.9,0.8719346049046321
CALIFORNIA,35 to 44 years,4322,3214,74.4,2783,64.4,0.8658991910392034
CALIFORNIA,45 to 64 years,7816,5925,75.8,5238,67,0.8840506329113924
CALIFORNIA,65 years and over,5713,4517,79.1,4183,73.2,0.9260571175558999
CALIFORNIA,Asian alone,3915,2586,66,2271,58,0.8781902552204176
CALIFORNIA,Asian alone or in combination,4288,2884,67.3,2539,59.2,0.880374479889043
CALIFORNIA,Black alone,1822,1315,72.2,1156,63.5,0.8790874524714829
CALIFORNIA,Black alone or in combination,2037,1483,72.8,1286,63.1,0.8671611598111936
CALIFORNIA,Female,13035,9634,73.9,8569,65.7,0.8894540170230434
CALIFORNIA,Hispanic (any race),8272,5410,65.4,4545,54.9,0.8401109057301294
CALIFORNIA,Male,12292,8837,71.9,7817,63.6,0.8845762136471653
CALIFORNIA,Total,25327,18471,72.9,16385,64.7,0.8870662118997347
CALIFORNIA,White alone,18057,13472,74.6,12014,66.5,0.8917755344418052
CALIFORNIA,White alone or in combination,18842,14085,74.8,12544,66.6,0.8905928292509763
CALIFORNIA,White non-Hispanic alone,10792,8679,80.4,8017,74.3,0.9237239313284941
COLORADO,18 to 24 years,475,299,63,267,56.2,0.8929765886287625
COLORADO,25 to 34 years,876,602,68.7,529,60.4,0.8787375415282392
COLORADO,35 to 44 years,712,513,72,502,70.6,0.9785575048732943
COLORADO,45 to 64 years,1229,929,75.6,897,73,0.9655543595263725
COLORADO,65 years and over,984,814,82.7,802,81.5,0.9852579852579852
COLORADO,Asian alone,159,90,56.3,81,50.7,0.9
COLORADO,Asian alone or in combination,183,113,62,105,57.1,0.9292035398230089
COLORADO,Black alone,134,75,56.3,61,45.6,0.8133333333333334
COLORADO,Black alone or in combination,166,107,64.7,93,56,0.8691588785046729
COLORADO,Female,2160,1630,75.5,1576,73,0.9668711656441717
COLORADO,Hispanic (any race),714,450,63,410,57.4,0.9111111111111111
COLORADO,Male,2116,1528,72.2,1421,67.1,0.9299738219895288
COLORADO,Total,4277,3158,73.8,2997,70.1,0.9490183660544649
COLORADO,White alone,3824,2862,74.8,2725,71.3,0.9521313766596785
COLORADO,White alone or in combination,3916,2925,74.7,2788,71.2,0.9531623931623932
COLORADO,White non-Hispanic alone,3217,2504,77.8,2396,74.5,0.9568690095846646
CONNECTICUT,18 to 24 years,355,171,48.1,146,41.1,0.8538011695906432
CONNECTICUT,25 to 34 years,347,254,73.4,218,63,0.8582677165354331
CONNECTICUT,35 to 44 years,388,276,71,250,64.4,0.9057971014492754
CONNECTICUT,45 to 64 years,863,654,75.7,618,71.6,0.944954128440367
CONNECTICUT,65 years and over,655,528,80.5,496,75.7,0.9393939393939394
CONNECTICUT,Asian alone,50,34,67.8,31,61.6,0.9117647058823529
CONNECTICUT,Asian alone or in combination,60,38,63.2,31,51.8,0.8157894736842105
CONNECTICUT,Black alone,297,141,47.4,113,38.1,0.8014184397163121
CONNECTICUT,Black alone or in combination,304,148,48.6,120,39.5,0.8108108108108109
CONNECTICUT,Female,1358,1010,74.4,906,66.7,0.897029702970297
CONNECTICUT,Hispanic (any race),372,208,55.9,174,46.7,0.8365384615384616
CONNECTICUT,Male,1250,872,69.8,823,65.8,0.9438073394495413
CONNECTICUT,Total,2608,1882,72.2,1729,66.3,0.9187035069075452
CONNECTICUT,White alone,2227,1689,75.9,1571,70.5,0.9301361752516282
CONNECTICUT,White alone or in combination,2253,1704,75.6,1581,70.2,0.9278169014084507
CONNECTICUT,White non-Hispanic alone,1907,1499,78.6,1400,73.4,0.933955970647098
DELAWARE,18 to 24 years,81,45,55.7,39,47.7,0.8666666666666667
DELAWARE,25 to 34 years,111,80,71.9,67,60.3,0.8375
DELAWARE,35 to 44 years,98,70,71.7,56,57.5,0.8
DELAWARE,45 to 64 years,229,189,82.4,179,78,0.9470899470899471
DELAWARE,65 years and over,226,193,85.3,180,79.6,0.9326424870466321
DELAWARE,Asian alone,20,17,85.1,16,80.2,0.9411764705882353
DELAWARE,Asian alone or in combination,23,20,87,19,82.8,0.95
DELAWARE,Black alone,170,125,73.3,115,67.5,0.92
DELAWARE,Black alone or in combination,174,129,73.9,119,68.2,0.9224806201550387
DELAWARE,Female,401,314,78.2,281,70.1,0.8949044585987261
DELAWARE,Hispanic (any race),88,52,58.7,40,45,0.7692307692307693
DELAWARE,Male,345,263,76.4,240,69.6,0.9125475285171103
DELAWARE,Total,746,577,77.4,521,69.8,0.902946273830156
DELAWARE,White alone,536,417,77.7,373,69.6,0.894484412470024
DELAWARE,White alone or in combination,545,425,78.1,381,69.9,0.8964705882352941
DELAWARE,White non-Hispanic alone,466,380,81.5,348,74.7,0.9157894736842105
DISTRICT OF COLUMBIA,18 to 24 years,63,49,78.8,46,73.2,0.9387755102040817
DISTRICT OF COLUMBIA,25 to 34 years,134,113,84.9,107,80.1,0.9469026548672567
DISTRICT OF COLUMBIA,35 to 44 years,105,89,84.9,81,77.1,0.9101123595505618
DISTRICT OF COLUMBIA,45 to 64 years,121,106,87.6,98,81.6,0.9245283018867925
DISTRICT OF COLUMBIA,65 years and over,86,74,86.7,71,83.4,0.9594594594594594
DISTRICT OF COLUMBIA,Asian alone,23,19,83.6,18,77.5,0.9473684210526315
DISTRICT OF COLUMBIA,Asian alone or in combination,30,25,85,22,76.1,0.88
DISTRICT OF COLUMBIA,Black alone,223,172,77.3,156,70,0.9069767441860465
DISTRICT OF COLUMBIA,Black alone or in combination,228,178,77.9,161,70.4,0.9044943820224719
DISTRICT OF COLUMBIA,Female,271,233,85.9,218,80.5,0.9356223175965666
DISTRICT OF COLUMBIA,Hispanic (any race),31,25,82.6,23,74.3,0.92
DISTRICT OF COLUMBIA,Male,236,199,84.2,185,78.4,0.9296482412060302
DISTRICT OF COLUMBIA,Total,507,432,85.1,404,79.5,0.9351851851851852
DISTRICT OF COLUMBIA,White alone,248,228,91.6,218,88,0.956140350877193
DISTRICT OF COLUMBIA,White alone or in combination,257,235,91.6,226,87.8,0.9617021276595744
DISTRICT OF COLUMBIA,White non-Hispanic alone,228,210,92,202,88.6,0.9619047619047619
FLORIDA,18 to 24 years,1675,784,46.8,616,36.8,0.7857142857142857
FLORIDA,25 to 34 years,2366,1445,61.1,1215,51.4,0.8408304498269896
FLORIDA,35 to 44 years,2323,1501,64.6,1319,56.8,0.8787475016655563
FLORIDA,45 to 64 years,5010,3421,68.3,3146,62.8,0.9196141479099679
FLORIDA,65 years and over,4718,3637,77.1,3406,72.2,0.9364861149298873
FLORIDA,Asian alone,419,247,58.9,225,53.7,0.9109311740890689
FLORIDA,Asian alone or in combination,501,301,60,263,52.6,0.8737541528239202
FLORIDA,Black alone,2526,1564,61.9,1386,54.9,0.8861892583120204
FLORIDA,Black alone or in combination,2696,1652,61.3,1457,54,0.8819612590799032
FLORIDA,Female,8376,5750,68.6,5211,62.2,0.9062608695652173
FLORIDA,Hispanic (any race),3501,2074,59.2,1782,50.9,0.8592092574734812
FLORIDA,Male,7716,5038,65.3,4492,58.2,0.8916236601826122
FLORIDA,Total,16092,10788,67,9703,60.3,0.8994252873563219
FLORIDA,White alone,12732,8720,68.5,7887,61.9,0.9044724770642202
FLORIDA,White alone or in combination,12981,8866,68.3,7995,61.6,0.9017595307917888
FLORIDA,White non-Hispanic alone,9428,6767,71.8,6195,65.7,0.9154721442293483
GEORGIA,18 to 24 years,889,520,58.5,440,49.6,0.8461538461538461
GEORGIA,25 to 34 years,1341,876,65.4,733,54.7,0.83675799086758
GEORGIA,35 to 44 years,1192,779,65.4,706,59.2,0.9062901155327343
GEORGIA,45 to 64 years,2487,1860,74.8,1736,69.8,0.9333333333333333
GEORGIA,65 years and over,1716,1366,79.6,1294,75.4,0.9472913616398243
GEORGIA,Asian alone,345,244,70.7,206,59.7,0.8442622950819673
GEORGIA,Asian alone or in combination,386,271,70.2,233,60.3,0.8597785977859779
GEORGIA,Black alone,2618,1790,68.4,1602,61.2,0.8949720670391061
GEORGIA,Black alone or in combination,2707,1854,68.5,1666,61.5,0.8985976267529665
GEORGIA,Female,4092,3003,73.4,2758,67.4,0.9184149184149184
GEORGIA,Hispanic (any race),521,324,62.3,247,47.5,0.7623456790123457
GEORGIA,Male,3532,2399,67.9,2150,60.9,0.8962067528136723
GEORGIA,Total,7624,5401,70.8,4908,64.4,0.9087206072949454
GEORGIA,White alone,4479,3262,72.8,3005,67.1,0.9212139791538934
GEORGIA,White alone or in combination,4601,3339,72.6,3070,66.7,0.9194369571728063
GEORGIA,White non-Hispanic alone,4103,3033,73.9,2832,69,0.933728981206726
HAWAII,18 to 24 years,108,48,44.3,41,38.3,0.8541666666666666
HAWAII,25 to 34 years,148,94,63.5,72,48.8,0.7659574468085106
HAWAII,35 to 44 years,142,98,69.2,79,55.9,0.8061224489795918
HAWAII,45 to 64 years,301,209,69.5,178,59.1,0.8516746411483254
HAWAII,65 years and over,306,230,75.4,216,70.8,0.9391304347826087
HAWAII,Asian alone,382,246,64.5,211,55.2,0.8577235772357723
HAWAII,Asian alone or in combination,549,361,65.9,308,56.1,0.853185595567867
HAWAII,Black alone,17,6,32.8,4,26.6,0.6666666666666666
HAWAII,Black alone or in combination,35,17,49,15,41.8,0.8823529411764706
HAWAII,Female,504,358,71.1,312,61.9,0.8715083798882681
HAWAII,Hispanic (any race),107,63,58.9,51,47.6,0.8095238095238095
HAWAII,Male,501,321,64.2,276,55.1,0.8598130841121495
HAWAII,Total,1004,679,67.6,587,58.5,0.8645066273932254
HAWAII,White alone,257,206,80.2,184,71.6,0.8932038834951457
HAWAII,White alone or in combination,421,314,74.6,276,65.4,0.8789808917197452
HAWAII,White non-Hispanic alone,210,179,85.1,162,77,0.9050279329608939
IDAHO,18 to 24 years,175,93,53,84,47.8,0.9032258064516129
IDAHO,25 to 34 years,262,165,62.8,140,53.2,0.8484848484848485
IDAHO,35 to 44 years,215,157,73,141,65.4,0.8980891719745223
IDAHO,45 to 64 years,442,339,76.8,316,71.6,0.9321533923303835
IDAHO,65 years and over,333,263,78.9,251,75.4,0.9543726235741445
IDAHO,Asian alone,20,13,65.4,13,65.4,1
IDAHO,Asian alone or in combination,31,22,73.5,22,73.5,1
IDAHO,Black alone,8,3,39.3,2,28.8,0.6666666666666666
IDAHO,Black alone or in combination,12,3,27.2,2,20,0.6666666666666666
IDAHO,Female,718,512,71.3,466,64.9,0.91015625
IDAHO,Hispanic (any race),156,80,50.9,73,46.7,0.9125
IDAHO,Male,710,505,71.1,466,65.6,0.9227722772277228
IDAHO,Total,1428,1017,71.2,932,65.2,0.9164208456243854
IDAHO,White alone,1331,952,71.5,873,65.6,0.917016806722689
IDAHO,White alone or in combination,1358,971,71.5,890,65.6,0.9165808444902163
IDAHO,White non-Hispanic alone,1198,889,74.2,817,68.1,0.9190101237345332
ILLINOIS,18 to 24 years,1123,690,61.4,558,49.7,0.808695652173913
ILLINOIS,25 to 34 years,1368,989,72.3,744,54.4,0.7522750252780587
ILLINOIS,35 to 44 years,1437,1118,77.8,956,66.6,0.855098389982111
ILLINOIS,45 to 64 years,2849,2308,81,2049,71.9,0.8877816291161178
ILLINOIS,65 years and over,2054,1675,81.5,1509,73.5,0.9008955223880597
ILLINOIS,Asian alone,550,360,65.5,313,56.9,0.8694444444444445
ILLINOIS,Asian alone or in combination,587,397,67.7,350,59.6,0.8816120906801007
ILLINOIS,Black alone,1291,1003,77.7,792,61.3,0.7896311066799602
ILLINOIS,Black alone or in combination,1356,1047,77.2,823,60.7,0.7860553963705826
ILLINOIS,Female,4566,3556,77.9,3077,67.4,0.8652980877390326
ILLINOIS,Hispanic (any race),1171,638,54.4,486,41.5,0.7617554858934169
ILLINOIS,Male,4264,3224,75.6,2740,64.2,0.8498759305210918
ILLINOIS,Total,8830,6780,76.8,5817,65.9,0.8579646017699115
ILLINOIS,White alone,6858,5316,77.5,4624,67.4,0.8698269375470279
ILLINOIS,White alone or in combination,6963,5398,77.5,4700,67.5,0.8706928492034087
ILLINOIS,White non-Hispanic alone,5777,4707,81.5,4158,72,0.8833652007648184
INDIANA,18 to 24 years,531,330,62.1,257,48.4,0.7787878787878788
INDIANA,25 to 34 years,833,558,67,398,47.8,0.7132616487455197
INDIANA,35 to 44 years,747,547,73.3,443,59.3,0.8098720292504571
INDIANA,45 to 64 years,1611,1219,75.7,1024,63.6,0.8400328137817884
INDIANA,65 years and over,1079,882,81.7,789,73.2,0.8945578231292517
INDIANA,Asian alone,45,19,41.2,16,34.8,0.8421052631578947
INDIANA,Asian alone or in combination,89,50,55.8,47,52.5,0.94
INDIANA,Black alone,458,267,58.4,229,50,0.8576779026217228
INDIANA,Black alone or in combination,526,296,56.1,239,45.4,0.8074324324324325
INDIANA,Female,2455,1865,76,1519,61.9,0.8144772117962467
INDIANA,Hispanic (any race),258,142,55,115,44.3,0.8098591549295775
INDIANA,Male,2346,1672,71.3,1392,59.4,0.8325358851674641
INDIANA,Total,4801,3536,73.7,2912,60.7,0.8235294117647058
INDIANA,White alone,4084,3119,76.4,2568,62.9,0.8233408143635781
INDIANA,White alone or in combination,4261,3220,75.6,2645,62.1,0.8214285714285714
INDIANA,White non-Hispanic alone,3885,3015,77.6,2493,64.2,0.826865671641791
IOWA,18 to 24 years,311,201,64.7,173,55.7,0.8606965174129353
IOWA,25 to 34 years,356,290,81.5,252,70.8,0.8689655172413793
IOWA,35 to 44 years,383,300,78.5,268,70.1,0.8933333333333333
IOWA,45 to 64 years,712,588,82.6,521,73.1,0.8860544217687075
IOWA,65 years and over,548,481,87.7,445,81.1,0.9251559251559252
IOWA,Asian alone,26,18,69.2,16,61.3,0.8888888888888888
IOWA,Asian alone or in combination,41,23,56.7,18,45.1,0.782608695652174
IOWA,Black alone,77,47,61,47,61,1
IOWA,Black alone or in combination,83,50,59.5,47,56.6,0.94
IOWA,Female,1154,959,83.1,857,74.3,0.8936392075078207
IOWA,Hispanic (any race),121,84,69.9,69,57.6,0.8214285714285714
IOWA,Male,1156,902,78,801,69.3,0.8880266075388027
IOWA,Total,2310,1861,80.6,1658,71.8,0.890918860827512
IOWA,White alone,2151,1756,81.6,1573,73.1,0.8957858769931663
IOWA,White alone or in combination,2175,1767,81.2,1579,72.6,0.8936049801924165
IOWA,White non-Hispanic alone,2046,1687,82.5,1515,74,0.8980438648488441
KANSAS,18 to 24 years,259,159,61.3,132,50.9,0.8301886792452831
KANSAS,25 to 34 years,286,213,74.7,163,57.2,0.7652582159624414
KANSAS,35 to 44 years,374,299,80,262,70,0.8762541806020067
KANSAS,45 to 64 years,625,529,84.6,489,78.2,0.9243856332703214
KANSAS,65 years and over,497,428,86,398,79.9,0.9299065420560748
KANSAS,Asian alone,35,26,75.2,22,64,0.8461538461538461
KANSAS,Asian alone or in combination,41,29,71.8,22,54.8,0.7586206896551724
KANSAS,Black alone,103,69,66.9,65,62.4,0.9420289855072463
KANSAS,Black alone or in combination,132,89,67.2,81,61.3,0.9101123595505618
KANSAS,Female,1065,861,80.8,771,72.4,0.8954703832752613
KANSAS,Hispanic (any race),179,115,64.5,83,46.5,0.7217391304347827
KANSAS,Male,976,767,78.6,672,68.8,0.8761408083441982
KANSAS,Total,2041,1628,79.8,1443,70.7,0.8863636363636364
KANSAS,White alone,1802,1456,80.8,1291,71.7,0.8866758241758241
KANSAS,White alone or in combination,1880,1515,80.6,1342,71.4,0.8858085808580858
KANSAS,White non-Hispanic alone,1648,1353,82.1,1217,73.9,0.8994826311899483
KENTUCKY,18 to 24 years,277,163,58.9,103,37,0.6319018404907976
KENTUCKY,25 to 34 years,435,365,84,266,61.1,0.7287671232876712
KENTUCKY,35 to 44 years,616,458,74.3,384,62.3,0.8384279475982532
KENTUCKY,45 to 64 years,1091,943,86.5,824,75.6,0.8738069989395546
KENTUCKY,65 years and over,759,628,82.7,576,75.8,0.9171974522292994
KENTUCKY,Asian alone,37,28,74.7,15,39.4,0.5357142857142857
KENTUCKY,Asian alone or in combination,37,28,74.7,15,39.4,0.5357142857142857
KENTUCKY,Black alone,243,172,70.7,117,48,0.6802325581395349
KENTUCKY,Black alone or in combination,276,201,72.9,146,52.9,0.7263681592039801
KENTUCKY,Female,1648,1335,81,1130,68.6,0.846441947565543
KENTUCKY,Hispanic (any race),56,27,49.4,24,43,0.8888888888888888
KENTUCKY,Male,1530,1223,79.9,1023,66.8,0.8364677023712184
KENTUCKY,Total,3178,2558,80.5,2152,67.7,0.8412822517591869
KENTUCKY,White alone,2816,2303,81.8,1978,70.2,0.8588797221016066
KENTUCKY,White alone or in combination,2870,2346,81.7,2014,70.2,0.8584825234441603
KENTUCKY,White non-Hispanic alone,2766,2281,82.5,1960,70.9,0.8592722490135906
LOUISIANA,18 to 24 years,371,177,47.6,142,38.1,0.8022598870056498
LOUISIANA,25 to 34 years,529,308,58.1,253,47.7,0.8214285714285714
LOUISIANA,35 to 44 years,550,339,61.6,301,54.7,0.887905604719764
LOUISIANA,45 to 64 years,1055,743,70.5,656,62.2,0.882907133243607
LOUISIANA,65 years and over,768,593,77.3,546,71.1,0.9207419898819561
LOUISIANA,Asian alone,58,30,51.1,22,37.8,0.7333333333333333
LOUISIANA,Asian alone or in combination,65,36,56.1,29,44,0.8055555555555556
LOUISIANA,Black alone,1057,652,61.7,564,53.4,0.8650306748466258
LOUISIANA,Black alone or in combination,1070,658,61.5,571,53.3,0.8677811550151976
LOUISIANA,Female,1717,1142,66.5,1003,58.4,0.8782837127845884
LOUISIANA,Hispanic (any race),142,71,49.7,59,41.9,0.8309859154929577
LOUISIANA,Male,1555,1018,65.4,893,57.4,0.8772102161100196
LOUISIANA,Total,3273,2160,66,1897,58,0.8782407407407408
LOUISIANA,White alone,2071,1428,69,1267,61.2,0.8872549019607843
LOUISIANA,White alone or in combination,2101,1452,69.1,1288,61.3,0.8870523415977961
LOUISIANA,White non-Hispanic alone,1950,1368,70.2,1218,62.5,0.8903508771929824
MAINE,18 to 24 years,69,34,49.9,26,38.5,0.7647058823529411
MAINE,25 to 34 years,189,125,66.4,109,57.6,0.872
MAINE,35 to 44 years,185,122,65.7,107,57.9,0.8770491803278688
MAINE,45 to 64 years,327,244,74.5,213,65,0.8729508196721312
MAINE,65 years and over,353,306,86.5,298,84.5,0.9738562091503268
MAINE,Asian alone,8,3,41.7,3,41.7,1
MAINE,Asian alone or in combination,11,6,58.7,6,58.7,1
MAINE,Black alone,12,5,40.2,4,31.9,0.8
MAINE,Black alone or in combination,20,13,63.8,12,58.7,0.9230769230769231
MAINE,Female,576,421,73.1,386,67,0.9168646080760094
MAINE,Hispanic (any race),17,10,56.3,8,43.9,0.8
MAINE,Male,547,409,74.9,367,67.1,0.8973105134474327
MAINE,Total,1123,831,74,753,67.1,0.9061371841155235
MAINE,White alone,1064,795,74.7,719,67.5,0.9044025157232705
MAINE,White alone or in combination,1089,817,75,740,68,0.9057527539779682
MAINE,White non-Hispanic alone,1047,785,75,711,67.9,0.9057324840764331
MARYLAND,18 to 24 years,410,304,74.1,243,59.3,0.7993421052631579
MARYLAND,25 to 34 years,675,517,76.5,474,70.2,0.9168278529980658
MARYLAND,35 to 44 years,719,612,85.1,520,72.3,0.8496732026143791
MARYLAND,45 to 64 years,1297,1056,81.4,947,73,0.896780303030303
MARYLAND,65 years and over,1248,1008,80.8,905,72.6,0.8978174603174603
MARYLAND,Asian alone,338,244,72.1,191,56.4,0.7827868852459017
MARYLAND,Asian alone or in combination,357,263,73.6,210,58.7,0.7984790874524715
MARYLAND,Black alone,1407,1083,76.9,992,70.5,0.9159741458910434
MARYLAND,Black alone or in combination,1457,1132,77.7,1028,70.6,0.9081272084805654
MARYLAND,Female,2323,1903,81.9,1699,73.1,0.8928008407777194
MARYLAND,Hispanic (any race),275,244,88.9,200,72.9,0.819672131147541
MARYLAND,Male,2027,1595,78.7,1392,68.7,0.8727272727272727
MARYLAND,Total,4350,3497,80.4,3091,71.1,0.8839004861309694
MARYLAND,White alone,2530,2103,83.1,1854,73.3,0.8815977175463623
MARYLAND,White alone or in combination,2573,2146,83.4,1883,73.2,0.8774464119291705
MARYLAND,White non-Hispanic alone,2338,1928,82.5,1723,73.7,0.8936721991701245
MASSACHUSETTS,18 to 24 years,556,388,69.8,318,57.3,0.8195876288659794
MASSACHUSETTS,25 to 34 years,783,522,66.7,449,57.3,0.8601532567049809
MASSACHUSETTS,35 to 44 years,795,607,76.4,557,70,0.9176276771004942
MASSACHUSETTS,45 to 64 years,1648,1280,77.7,1208,73.3,0.94375
MASSACHUSETTS,65 years and over,1165,931,79.9,877,75.3,0.9419978517722879
MASSACHUSETTS,Asian alone,274,176,64.1,168,61.2,0.9545454545454546
MASSACHUSETTS,Asian alone or in combination,293,191,65.3,183,62.7,0.9581151832460733
MASSACHUSETTS,Black alone,383,239,62.3,200,52.2,0.8368200836820083
MASSACHUSETTS,Black alone or in combination,462,297,64.2,234,50.6,0.7878787878787878
MASSACHUSETTS,Female,2587,2014,77.9,1864,72,0.9255213505461768
MASSACHUSETTS,Hispanic (any race),520,356,68.5,258,49.5,0.7247191011235955
MASSACHUSETTS,Male,2360,1713,72.6,1545,65.5,0.9019264448336253
MASSACHUSETTS,Total,4947,3728,75.4,3408,68.9,0.9141630901287554
MASSACHUSETTS,White alone,4162,3216,77.3,2971,71.4,0.923818407960199
MASSACHUSETTS,White alone or in combination,4267,3297,77.3,3028,71,0.9184106763724598
MASSACHUSETTS,White non-Hispanic alone,3801,2969,78.1,2782,73.2,0.937015830245874
MICHIGAN,18 to 24 years,832,598,71.8,483,58,0.8076923076923077
MICHIGAN,25 to 34 years,1255,979,78,829,66,0.8467824310520939
MICHIGAN,35 to 44 years,1140,905,79.5,791,69.4,0.8740331491712707
MICHIGAN,45 to 64 years,2531,2107,83.2,1924,76,0.9131466540104414
MICHIGAN,65 years and over,1775,1501,84.6,1418,79.9,0.9447035309793471
MICHIGAN,Asian alone,143,117,82.1,99,69.3,0.8461538461538461
MICHIGAN,Asian alone or in combination,163,138,84.4,119,73.1,0.8623188405797102
MICHIGAN,Black alone,1013,774,76.4,637,62.8,0.8229974160206718
MICHIGAN,Black alone or in combination,1075,831,77.2,663,61.7,0.7978339350180506
MICHIGAN,Female,3833,3125,81.5,2791,72.8,0.89312
MICHIGAN,Hispanic (any race),382,228,59.7,193,50.4,0.8464912280701754
MICHIGAN,Male,3701,2965,80.1,2653,71.7,0.8947723440134907
MICHIGAN,Total,7534,6090,80.8,5444,72.3,0.8939244663382594
MICHIGAN,White alone,6233,5076,81.4,4624,74.2,0.9109535066981875
MICHIGAN,White alone or in combination,6355,5192,81.7,4702,74,0.9056240369799692
MICHIGAN,White non-Hispanic alone,5880,4865,82.7,4448,75.7,0.9142857142857143
MINNESOTA,18 to 24 years,475,333,70.1,315,66.3,0.9459459459459459
MINNESOTA,25 to 34 years,654,495,75.7,412,63,0.8323232323232324
MINNESOTA,35 to 44 years,773,654,84.6,569,73.6,0.8700305810397554
MINNESOTA,45 to 64 years,1233,1092,88.5,993,80.5,0.9093406593406593
MINNESOTA,65 years and over,1073,945,88.1,904,84.3,0.9566137566137566
MINNESOTA,Asian alone,186,151,81.1,131,70.6,0.8675496688741722
MINNESOTA,Asian alone or in combination,220,185,84,157,71.5,0.8486486486486486
MINNESOTA,Black alone,227,172,75.7,141,62.2,0.8197674418604651
MINNESOTA,Black alone or in combination,280,207,74.2,177,63.2,0.855072463768116
MINNESOTA,Female,2126,1832,86.2,1681,79,0.9175764192139738
MINNESOTA,Hispanic (any race),108,81,74.4,60,55.6,0.7407407407407407
MINNESOTA,Male,2082,1686,81,1513,72.6,0.8973902728351127
MINNESOTA,Total,4208,3519,83.6,3193,75.9,0.9073600454674623
MINNESOTA,White alone,3522,2976,84.5,2748,78,0.9233870967741935
MINNESOTA,White alone or in combination,3628,3071,84.6,2830,78,0.9215239335721264
MINNESOTA,White non-Hispanic alone,3435,2911,84.8,2698,78.6,0.926829268292683
MISSISSIPPI,18 to 24 years,230,145,63.2,112,48.6,0.7724137931034483
MISSISSIPPI,25 to 34 years,396,309,77.8,230,58,0.7443365695792881
MISSISSIPPI,35 to 44 years,331,270,81.6,231,69.7,0.8555555555555555
MISSISSIPPI,45 to 64 years,699,599,85.7,534,76.4,0.8914858096828047
MISSISSIPPI,65 years and over,505,427,84.6,383,75.8,0.8969555035128806
MISSISSIPPI,Asian alone,10,8,76.1,2,14.9,0.25
MISSISSIPPI,Asian alone or in combination,14,8,58.1,2,11.3,0.25
MISSISSIPPI,Black alone,795,652,82.1,563,70.8,0.8634969325153374
MISSISSIPPI,Black alone or in combination,807,659,81.6,565,70,0.8573596358118362
MISSISSIPPI,Female,1154,941,81.5,812,70.4,0.8629117959617428
MISSISSIPPI,Hispanic (any race),50,33,65.4,23,45.3,0.696969696969697
MISSISSIPPI,Male,1008,810,80.4,677,67.2,0.8358024691358025
MISSISSIPPI,Total,2162,1751,81,1490,68.9,0.8509423186750429
MISSISSIPPI,White alone,1312,1066,81.3,911,69.4,0.8545966228893058
MISSISSIPPI,White alone or in combination,1344,1084,80.7,925,68.9,0.8533210332103321
MISSISSIPPI,White non-Hispanic alone,1272,1038,81.6,890,70,0.8574181117533719
MISSOURI,18 to 24 years,512,283,55.3,215,41.9,0.7597173144876325
MISSOURI,25 to 34 years,822,587,71.5,493,60,0.8398637137989778
MISSOURI,35 to 44 years,745,627,84.2,540,72.5,0.861244019138756
MISSOURI,45 to 64 years,1416,1198,84.6,1071,75.6,0.8939899833055092
MISSOURI,65 years and over,1170,1012,86.5,921,78.7,0.9100790513833992
MISSOURI,Asian alone,28,16,56,16,56,1
MISSOURI,Asian alone or in combination,51,38,75.6,38,75.6,1
MISSOURI,Black alone,517,350,67.7,291,56.3,0.8314285714285714
MISSOURI,Black alone or in combination,552,385,69.7,306,55.5,0.7948051948051948
MISSOURI,Female,2407,1964,81.6,1719,71.4,0.8752545824847251
MISSOURI,Hispanic (any race),197,98,49.6,70,35.5,0.7142857142857143
MISSOURI,Male,2257,1743,77.2,1521,67.4,0.8726333907056799
MISSOURI,Total,4664,3707,79.5,3240,69.5,0.8740221203129215
MISSOURI,White alone,3972,3231,81.4,2852,71.8,0.8826988548437016
MISSOURI,White alone or in combination,4092,3328,81.3,2920,71.3,0.8774038461538461
MISSOURI,White non-Hispanic alone,3791,3143,82.9,2787,73.5,0.8867324212535794
MONTANA,18 to 24 years,102,59,58.2,47,46.7,0.7966101694915254
MONTANA,25 to 34 years,132,88,67.1,82,62.5,0.9318181818181818
MONTANA,35 to 44 years,151,112,74.5,102,67.6,0.9107142857142857
MONTANA,45 to 64 years,255,195,76.5,185,72.4,0.9487179487179487
MONTANA,65 years and over,242,196,80.8,193,79.9,0.9846938775510204
MONTANA,Asian alone,4,4,100,3,88.3,0.75
MONTANA,Asian alone or in combination,8,8,100,8,94.5,1
MONTANA,Black alone,5,3,65.5,3,65.5,1
MONTANA,Black alone or in combination,7,5,76.2,5,76.2,1
MONTANA,Female,439,324,73.9,304,69.4,0.9382716049382716
MONTANA,Hispanic (any race),18,12,66.7,11,59,0.9166666666666666
MONTANA,Male,443,326,73.7,305,69,0.9355828220858896
MONTANA,Total,881,651,73.8,610,69.2,0.9370199692780338
MONTANA,White alone,819,612,74.8,576,70.3,0.9411764705882353
MONTANA,White alone or in combination,834,625,74.9,587,70.4,0.9392
MONTANA,White non-Hispanic alone,806,602,74.8,567,70.4,0.9418604651162791
NEBRASKA,18 to 24 years,171,90,52.5,70,41.3,0.7777777777777778
NEBRASKA,25 to 34 years,228,154,67.7,135,59,0.8766233766233766
NEBRASKA,35 to 44 years,224,187,83.8,175,78.4,0.9358288770053476
NEBRASKA,45 to 64 years,448,340,75.9,316,70.6,0.9294117647058824
NEBRASKA,65 years and over,307,244,79.7,231,75.4,0.9467213114754098
NEBRASKA,Asian alone,31,12,39.4,11,36.1,0.9166666666666666
NEBRASKA,Asian alone or in combination,31,12,39.4,11,36.1,0.9166666666666666
NEBRASKA,Black alone,63,34,53.7,30,47.8,0.8823529411764706
NEBRASKA,Black alone or in combination,76,42,55.9,39,51.1,0.9285714285714286
NEBRASKA,Female,688,512,74.4,470,68.3,0.91796875
NEBRASKA,Hispanic (any race),116,72,61.9,59,51.1,0.8194444444444444
NEBRASKA,Male,689,504,73.1,458,66.5,0.9087301587301587
NEBRASKA,Total,1377,1016,73.8,928,67.4,0.9133858267716536
NEBRASKA,White alone,1228,946,77,865,70.5,0.9143763213530656
NEBRASKA,White alone or in combination,1261,957,75.9,874,69.3,0.9132706374085684
NEBRASKA,White non-Hispanic alone,1133,890,78.5,820,72.3,0.9213483146067416
NEVADA,18 to 24 years,233,124,53.2,113,48.5,0.9112903225806451
NEVADA,25 to 34 years,407,274,67.5,226,55.4,0.8248175182481752
NEVADA,35 to 44 years,360,274,76.1,235,65.4,0.8576642335766423
NEVADA,45 to 64 years,658,501,76,464,70.6,0.9261477045908184
NEVADA,65 years and over,573,467,81.6,454,79.3,0.9721627408993576
NEVADA,Asian alone,185,138,74.3,132,71.1,0.9565217391304348
NEVADA,Asian alone or in combination,215,163,75.7,148,68.9,0.9079754601226994
NEVADA,Black alone,215,146,68,123,57.1,0.8424657534246576
NEVADA,Black alone or in combination,265,160,60.2,134,50.7,0.8375
NEVADA,Female,1137,875,77,812,71.4,0.928
NEVADA,Hispanic (any race),452,292,64.6,253,56,0.8664383561643836
NEVADA,Male,1093,764,69.9,680,62.3,0.8900523560209425
NEVADA,Total,2230,1640,73.5,1493,66.9,0.9103658536585366
NEVADA,White alone,1674,1250,74.7,1153,68.9,0.9224
NEVADA,White alone or in combination,1738,1278,73.5,1174,67.6,0.918622848200313
NEVADA,White non-Hispanic alone,1277,1000,78.3,934,73.2,0.934
NEW HAMPSHIRE,18 to 24 years,103,74,72.1,59,57.4,0.7972972972972973
NEW HAMPSHIRE,25 to 34 years,150,101,67.4,99,65.9,0.9801980198019802
NEW HAMPSHIRE,35 to 44 years,188,142,75.6,136,72.4,0.9577464788732394
NEW HAMPSHIRE,45 to 64 years,378,304,80.5,279,73.7,0.9177631578947368
NEW HAMPSHIRE,65 years and over,278,235,84.4,216,77.6,0.9191489361702128
NEW HAMPSHIRE,Asian alone,18,12,66.1,12,66.1,1
NEW HAMPSHIRE,Asian alone or in combination,23,17,73.6,17,73.6,1
NEW HAMPSHIRE,Black alone,14,10,70.8,10,70.8,1
NEW HAMPSHIRE,Black alone or in combination,24,19,77.3,15,63.6,0.7894736842105263
NEW HAMPSHIRE,Female,558,456,81.8,419,75.2,0.918859649122807
NEW HAMPSHIRE,Hispanic (any race),24,20,83.4,17,73.5,0.85
NEW HAMPSHIRE,Male,538,400,74.3,369,68.5,0.9225
NEW HAMPSHIRE,Total,1096,856,78.1,788,71.9,0.9205607476635514
NEW HAMPSHIRE,White alone,1042,813,78.1,748,71.8,0.9200492004920049
NEW HAMPSHIRE,White alone or in combination,1061,831,78.3,763,71.9,0.9181708784596871
NEW HAMPSHIRE,White non-Hispanic alone,1019,795,78,732,71.8,0.9207547169811321
NEW JERSEY,18 to 24 years,669,469,70.2,350,52.4,0.746268656716418
NEW JERSEY,25 to 34 years,968,713,73.6,596,61.6,0.8359046283309958
NEW JERSEY,35 to 44 years,997,783,78.6,690,69.2,0.8812260536398467
NEW JERSEY,45 to 64 years,2001,1705,85.2,1515,75.7,0.8885630498533724
NEW JERSEY,65 years and over,1688,1505,89.1,1430,84.7,0.9501661129568106
NEW JERSEY,Asian alone,844,618,73.2,568,67.4,0.919093851132686
NEW JERSEY,Asian alone or in combination,903,652,72.2,603,66.7,0.9248466257668712
NEW JERSEY,Black alone,998,810,81.2,694,69.5,0.8567901234567902
NEW JERSEY,Black alone or in combination,1039,851,81.9,729,70.2,0.8566392479435958
NEW JERSEY,Female,3272,2679,81.9,2410,73.7,0.8995893990294886
NEW JERSEY,Hispanic (any race),827,563,68.1,481,58.2,0.8543516873889876
NEW JERSEY,Male,3051,2496,81.8,2172,71.2,0.8701923076923077
NEW JERSEY,Total,6323,5175,81.9,4581,72.5,0.8852173913043478
NEW JERSEY,White alone,4373,3664,83.8,3246,74.2,0.8859170305676856
NEW JERSEY,White alone or in combination,4466,3732,83.6,3309,74.1,0.8866559485530546
NEW JERSEY,White non-Hispanic alone,3656,3172,86.7,2816,77,0.8877679697351829
NEW MEXICO,18 to 24 years,185,97,52.5,81,43.8,0.8350515463917526
NEW MEXICO,25 to 34 years,239,164,68.5,128,53.4,0.7804878048780488
NEW MEXICO,35 to 44 years,226,179,79.1,152,67.4,0.8491620111731844
NEW MEXICO,45 to 64 years,434,343,78.9,297,68.4,0.8658892128279884
NEW MEXICO,65 years and over,407,353,86.8,326,80.2,0.9235127478753541
NEW MEXICO,Asian alone,28,22,78.7,20,74.1,0.9090909090909091
NEW MEXICO,Asian alone or in combination,35,27,76.8,24,69.1,0.8888888888888888
NEW MEXICO,Black alone,42,22,53.7,20,48.7,0.9090909090909091
NEW MEXICO,Black alone or in combination,54,33,61.7,31,57.8,0.9393939393939394
NEW MEXICO,Female,772,607,78.6,520,67.4,0.85667215815486
NEW MEXICO,Hispanic (any race),642,457,71.1,385,59.9,0.8424507658643327
NEW MEXICO,Male,719,528,73.5,464,64.6,0.8787878787878788
NEW MEXICO,Total,1491,1135,76.1,984,66,0.8669603524229075
NEW MEXICO,White alone,1200,933,77.7,816,68,0.8745980707395499
NEW MEXICO,White alone or in combination,1225,954,77.9,835,68.2,0.8752620545073375
NEW MEXICO,White non-Hispanic alone,613,521,85,475,77.4,0.9117082533589251
NEW YORK,18 to 24 years,1570,767,48.9,646,41.2,0.8422425032594524
NEW YORK,25 to 34 years,2190,1305,59.6,1087,49.6,0.8329501915708812
NEW YORK,35 to 44 years,2216,1423,64.2,1309,59.1,0.9198875614898102
NEW YORK,45 to 64 years,4187,2960,70.7,2703,64.6,0.9131756756756757
NEW YORK,65 years and over,3504,2596,74.1,2346,67,0.9036979969183359
NEW YORK,Asian alone,1210,730,60.3,600,49.6,0.821917808219178
NEW YORK,Asian alone or in combination,1294,778,60.1,648,50.1,0.8329048843187661
NEW YORK,Black alone,2185,1460,66.8,1313,60.1,0.8993150684931507
NEW YORK,Black alone or in combination,2418,1631,67.4,1439,59.5,0.882280809319436
NEW YORK,Female,7104,4888,68.8,4379,61.6,0.8958674304418985
NEW YORK,Hispanic (any race),1744,1032,59.2,879,50.4,0.8517441860465116
NEW YORK,Male,6563,4164,63.4,3712,56.6,0.8914505283381364
NEW YORK,Total,13667,9051,66.2,8091,59.2,0.8939343718926086
NEW YORK,White alone,9798,6545,66.8,5924,60.5,0.905118411000764
NEW YORK,White alone or in combination,10128,6767,66.8,6101,60.2,0.9015812028964091
NEW YORK,White non-Hispanic alone,8618,5883,68.3,5337,61.9,0.9071902090770015
NORTH CAROLINA,18 to 24 years,1076,661,61.4,562,52.2,0.8502269288956127
NORTH CAROLINA,25 to 34 years,1213,757,62.4,671,55.3,0.8863936591809776
NORTH CAROLINA,35 to 44 years,1045,720,68.9,664,63.5,0.9222222222222223
NORTH CAROLINA,45 to 64 years,2459,1814,73.8,1703,69.2,0.9388092613009923
NORTH CAROLINA,65 years and over,1902,1423,74.8,1371,72.1,0.9634574841883345
NORTH CAROLINA,Asian alone,196,117,59.6,117,59.6,1
NORTH CAROLINA,Asian alone or in combination,225,134,59.5,134,59.5,1
NORTH CAROLINA,Black alone,1693,1140,67.3,1032,61,0.9052631578947369
NORTH CAROLINA,Black alone or in combination,1745,1169,67,1056,60.6,0.9033361847733106
NORTH CAROLINA,Female,4061,2856,70.3,2647,65.2,0.9268207282913166
NORTH CAROLINA,Hispanic (any race),523,281,53.7,258,49.2,0.9181494661921709
NORTH CAROLINA,Male,3634,2518,69.3,2324,63.9,0.9229547259729944
NORTH CAROLINA,Total,7695,5374,69.8,4971,64.6,0.9250093040565687
NORTH CAROLINA,White alone,5459,3963,72.6,3682,67.4,0.9290941206156952
NORTH CAROLINA,White alone or in combination,5551,4002,72.1,3716,66.9,0.928535732133933
NORTH CAROLINA,White non-Hispanic alone,5041,3752,74.4,3489,69.2,0.9299040511727079
NORTH DAKOTA,18 to 24 years,65,40,61.2,30,46,0.75
NORTH DAKOTA,25 to 34 years,98,71,72.5,61,62.4,0.8591549295774648
NORTH DAKOTA,35 to 44 years,110,85,76.9,75,67.9,0.8823529411764706
NORTH DAKOTA,45 to 64 years,157,131,83.6,126,80.4,0.9618320610687023
NORTH DAKOTA,65 years and over,134,116,86.8,110,81.9,0.9482758620689655
NORTH DAKOTA,Asian alone,6,2,36.2,1,22.9,0.5
NORTH DAKOTA,Asian alone or in combination,7,3,39.9,2,28.9,0.6666666666666666
NORTH DAKOTA,Black alone,11,2,16,2,16,1
NORTH DAKOTA,Black alone or in combination,13,2,13,2,13,1
NORTH DAKOTA,Female,271,214,78.8,196,72.2,0.9158878504672897
NORTH DAKOTA,Hispanic (any race),15,8,56,7,44.7,0.875
NORTH DAKOTA,Male,292,229,78.3,205,70.3,0.8951965065502183
NORTH DAKOTA,Total,563,442,78.6,401,71.2,0.9072398190045249
NORTH DAKOTA,White alone,520,430,82.8,391,75.3,0.9093023255813953
NORTH DAKOTA,White alone or in combination,525,432,82.3,393,74.8,0.9097222222222222
NORTH DAKOTA,White non-Hispanic alone,508,423,83.2,385,75.9,0.9101654846335697
OHIO,18 to 24 years,944,450,47.6,386,40.9,0.8577777777777778
OHIO,25 to 34 years,1473,1112,75.5,895,60.7,0.8048561151079137
OHIO,35 to 44 years,1389,1026,73.9,898,64.7,0.8752436647173489
OHIO,45 to 64 years,2720,2152,79.1,2012,74,0.9349442379182156
OHIO,65 years and over,2255,1854,82.2,1730,76.7,0.9331175836030206
OHIO,Asian alone,199,121,60.5,110,55.3,0.9090909090909091
OHIO,Asian alone or in combination,233,138,59,127,54.6,0.9202898550724637
OHIO,Black alone,1037,841,81.1,699,67.3,0.83115338882283
OHIO,Black alone or in combination,1179,962,81.6,799,67.8,0.8305613305613305
OHIO,Female,4511,3337,74,3013,66.8,0.9029068025172311
OHIO,Hispanic (any race),332,199,60,167,50.2,0.8391959798994975
OHIO,Male,4271,3257,76.2,2909,68.1,0.8931532084740559
OHIO,Total,8782,6593,75.1,5922,67.4,0.8982253905657516
OHIO,White alone,7285,5447,74.8,4960,68.1,0.910592986965302
OHIO,White alone or in combination,7479,5589,74.7,5084,68,0.9096439434603686
OHIO,White non-Hispanic alone,7026,5288,75.3,4811,68.5,0.9097957639939486
OKLAHOMA,18 to 24 years,462,215,46.6,158,34.2,0.7348837209302326
OKLAHOMA,25 to 34 years,420,270,64.3,226,53.9,0.837037037037037
OKLAHOMA,35 to 44 years,507,351,69.4,294,58,0.8376068376068376
OKLAHOMA,45 to 64 years,794,596,75.1,499,62.9,0.837248322147651
OKLAHOMA,65 years and over,742,630,84.9,570,76.8,0.9047619047619048
OKLAHOMA,Asian alone,64,27,41.5,20,30.7,0.7407407407407407
OKLAHOMA,Asian alone or in combination,72,31,43.1,24,33.4,0.7741935483870968
OKLAHOMA,Black alone,234,133,56.8,110,46.9,0.8270676691729323
OKLAHOMA,Black alone or in combination,271,159,58.8,125,46.2,0.7861635220125787
OKLAHOMA,Female,1501,1062,70.8,924,61.6,0.8700564971751412
OKLAHOMA,Hispanic (any race),216,128,59,76,35.3,0.59375
OKLAHOMA,Male,1423,1000,70.3,823,57.8,0.823
OKLAHOMA,Total,2924,2062,70.5,1747,59.7,0.8472356935014549
OKLAHOMA,White alone,2163,1596,73.8,1357,62.7,0.850250626566416
OKLAHOMA,White alone or in combination,2336,1723,73.7,1464,62.7,0.8496807893209518
OKLAHOMA,White non-Hispanic alone,1983,1482,74.7,1288,65,0.8690958164642375
OREGON,18 to 24 years,252,155,61.6,115,45.8,0.7419354838709677
OREGON,25 to 34 years,578,451,78,393,68,0.8713968957871396
OREGON,35 to 44 years,550,471,85.7,418,76,0.8874734607218684
OREGON,45 to 64 years,930,787,84.7,735,79,0.9339263024142312
OREGON,65 years and over,828,739,89.2,701,84.6,0.9485791610284168
OREGON,Asian alone,98,76,77.5,62,63.9,0.8157894736842105
OREGON,Asian alone or in combination,132,105,79.3,82,62.3,0.780952380952381
OREGON,Black alone,64,53,82.9,51,78.8,0.9622641509433962
OREGON,Black alone or in combination,86,67,77.6,59,68.5,0.8805970149253731
OREGON,Female,1627,1359,83.6,1262,77.6,0.9286239882266373
OREGON,Hispanic (any race),243,178,73.4,152,62.3,0.8539325842696629
OREGON,Male,1512,1244,82.3,1100,72.8,0.8842443729903537
OREGON,Total,3138,2604,83,2362,75.3,0.9070660522273426
OREGON,White alone,2762,2348,85,2150,77.8,0.9156729131175468
OREGON,White alone or in combination,2884,2428,84.2,2216,76.8,0.9126853377265239
OREGON,White non-Hispanic alone,2560,2197,85.8,2019,78.9,0.9189804278561675
PENNSYLVANIA,18 to 24 years,1096,668,60.9,592,54,0.8862275449101796
PENNSYLVANIA,25 to 34 years,1570,1127,71.8,979,62.4,0.8686779059449867
PENNSYLVANIA,35 to 44 years,1458,1105,75.7,1004,68.8,0.9085972850678733
PENNSYLVANIA,45 to 64 years,3157,2502,79.3,2364,74.9,0.9448441247002398
PENNSYLVANIA,65 years and over,2507,2011,80.2,1890,75.4,0.939830929885629
PENNSYLVANIA,Asian alone,326,223,68.6,212,65.2,0.9506726457399103
PENNSYLVANIA,Asian alone or in combination,345,238,68.9,220,63.9,0.9243697478991597
PENNSYLVANIA,Black alone,1060,778,73.4,706,66.6,0.9074550128534704
PENNSYLVANIA,Black alone or in combination,1134,819,72.2,727,64.1,0.8876678876678876
PENNSYLVANIA,Female,5042,3885,77.1,3569,70.8,0.9186615186615187
PENNSYLVANIA,Hispanic (any race),565,372,65.9,275,48.7,0.739247311827957
PENNSYLVANIA,Male,4747,3527,74.3,3259,68.6,0.9240147434079955
PENNSYLVANIA,Total,9789,7413,75.7,6828,69.7,0.9210845811412384
PENNSYLVANIA,White alone,8189,6250,76.3,5783,70.6,0.92528
PENNSYLVANIA,White alone or in combination,8333,6351,76.2,5849,70.2,0.9209573295544009
PENNSYLVANIA,White non-Hispanic alone,7755,5957,76.8,5568,71.8,0.9346986738291087
RHODE ISLAND,18 to 24 years,84,65,78.2,54,64.9,0.8307692307692308
RHODE ISLAND,25 to 34 years,157,126,80.4,108,68.4,0.8571428571428571
RHODE ISLAND,35 to 44 years,116,94,81.8,75,65.1,0.7978723404255319
RHODE ISLAND,45 to 64 years,227,175,77.3,162,71.3,0.9257142857142857
RHODE ISLAND,65 years and over,227,183,80.5,169,74.2,0.9234972677595629
RHODE ISLAND,Asian alone,18,16,90.5,15,84.7,0.9375
RHODE ISLAND,Asian alone or in combination,21,18,82.4,16,77.5,0.8888888888888888
RHODE ISLAND,Black alone,70,53,75.8,30,42.9,0.5660377358490566
RHODE ISLAND,Black alone or in combination,102,80,78.6,55,53.7,0.6875
RHODE ISLAND,Female,417,336,80.7,301,72.1,0.8958333333333334
RHODE ISLAND,Hispanic (any race),89,67,74.9,59,66.5,0.8805970149253731
RHODE ISLAND,Male,394,308,78.2,267,67.8,0.8668831168831169
RHODE ISLAND,Total,811,645,79.5,568,70,0.8806201550387597
RHODE ISLAND,White alone,680,544,80.1,495,72.9,0.9099264705882353
RHODE ISLAND,White alone or in combination,709,567,80,515,72.7,0.908289241622575
RHODE ISLAND,White non-Hispanic alone,611,493,80.7,447,73.2,0.9066937119675457
SOUTH CAROLINA,18 to 24 years,459,273,59.4,221,48.2,0.8095238095238095
SOUTH CAROLINA,25 to 34 years,575,376,65.5,284,49.4,0.7553191489361702
SOUTH CAROLINA,35 to 44 years,620,482,77.7,375,60.5,0.7780082987551867
SOUTH CAROLINA,45 to 64 years,1208,891,73.8,795,65.8,0.8922558922558923
SOUTH CAROLINA,65 years and over,1145,913,79.7,836,73,0.9156626506024096
SOUTH CAROLINA,Asian alone,87,60,69.6,48,56,0.8
SOUTH CAROLINA,Asian alone or in combination,96,70,72.6,54,55.7,0.7714285714285715
SOUTH CAROLINA,Black alone,993,699,70.5,554,55.8,0.7925608011444921
SOUTH CAROLINA,Black alone or in combination,1028,725,70.5,575,55.9,0.7931034482758621
SOUTH CAROLINA,Female,2128,1561,73.4,1326,62.3,0.8494554772581678
SOUTH CAROLINA,Hispanic (any race),155,78,50.2,48,31,0.6153846153846154
SOUTH CAROLINA,Male,1878,1374,73.1,1184,63,0.8617176128093159
SOUTH CAROLINA,Total,4006,2935,73.3,2510,62.7,0.8551959114139693
SOUTH CAROLINA,White alone,2838,2124,74.8,1864,65.7,0.8775894538606404
SOUTH CAROLINA,White alone or in combination,2901,2165,74.6,1897,65.4,0.8762124711316397
SOUTH CAROLINA,White non-Hispanic alone,2718,2069,76.1,1839,67.7,0.888835186080232
SOUTH DAKOTA,18 to 24 years,74,36,48.9,26,34.9,0.7222222222222222
SOUTH DAKOTA,25 to 34 years,97,60,61.9,44,44.8,0.7333333333333333
SOUTH DAKOTA,35 to 44 years,125,89,71,76,60.9,0.8539325842696629
SOUTH DAKOTA,45 to 64 years,191,136,71.4,108,56.5,0.7941176470588235
SOUTH DAKOTA,65 years and over,182,152,83.4,141,77.6,0.9276315789473685
SOUTH DAKOTA,Asian alone,6,3,43.9,2,29.4,0.6666666666666666
SOUTH DAKOTA,Asian alone or in combination,8,5,57.3,4,46.3,0.8
SOUTH DAKOTA,Black alone,16,5,33.1,3,17.2,0.6
SOUTH DAKOTA,Black alone or in combination,21,6,30.7,4,18.2,0.6666666666666666
SOUTH DAKOTA,Female,331,239,72.2,206,62.1,0.8619246861924686
SOUTH DAKOTA,Hispanic (any race),15,8,55.5,5,33.9,0.625
SOUTH DAKOTA,Male,338,234,69.3,188,55.8,0.8034188034188035
SOUTH DAKOTA,Total,669,473,70.7,394,58.9,0.8329809725158562
SOUTH DAKOTA,White alone,616,451,73.2,382,61.9,0.8470066518847007
SOUTH DAKOTA,White alone or in combination,625,455,72.9,386,61.7,0.8483516483516483
SOUTH DAKOTA,White non-Hispanic alone,601,443,73.7,377,62.6,0.8510158013544018
TENNESSEE,18 to 24 years,476,272,57.1,234,49.1,0.8602941176470589
TENNESSEE,25 to 34 years,962,699,72.7,553,57.5,0.7911301859799714
TENNESSEE,35 to 44 years,911,661,72.6,534,58.6,0.8078668683812406
TENNESSEE,45 to 64 years,1665,1286,77.2,1134,68.1,0.8818040435458787
TENNESSEE,65 years and over,1286,1062,82.6,979,76.1,0.9218455743879472
TENNESSEE,Asian alone,49,22,45.8,17,35.4,0.7727272727272727
TENNESSEE,Asian alone or in combination,49,22,45.8,17,35.4,0.7727272727272727
TENNESSEE,Black alone,806,559,69.4,416,51.5,0.7441860465116279
TENNESSEE,Black alone or in combination,868,601,69.3,450,51.9,0.7487520798668885
TENNESSEE,Female,2767,2144,77.5,1856,67.1,0.8656716417910447
TENNESSEE,Hispanic (any race),219,130,59.4,100,45.5,0.7692307692307693
TENNESSEE,Male,2532,1836,72.5,1577,62.3,0.8589324618736384
TENNESSEE,Total,5300,3980,75.1,3433,64.8,0.8625628140703517
TENNESSEE,White alone,4330,3318,76.6,2932,67.7,0.8836648583484027
TENNESSEE,White alone or in combination,4413,3373,76.4,2979,67.5,0.8831900385413578
TENNESSEE,White non-Hispanic alone,4140,3214,77.6,2858,69,0.8892345986309894
TEXAS,18 to 24 years,2768,1554,56.1,1154,41.7,0.7425997425997426
TEXAS,25 to 34 years,3456,2188,63.3,1712,49.5,0.7824497257769653
TEXAS,35 to 44 years,3535,2389,67.6,1943,55,0.8133110087902888
TEXAS,45 to 64 years,5978,4510,75.4,3948,66,0.8753880266075388
TEXAS,65 years and over,4017,3000,74.7,2685,66.8,0.895
TEXAS,Asian alone,1043,632,60.6,545,52.3,0.8623417721518988
TEXAS,Asian alone or in combination,1113,689,61.9,602,54.1,0.8737300435413643
TEXAS,Black alone,2876,2057,71.5,1659,57.7,0.8065143412736996
TEXAS,Black alone or in combination,3013,2139,71,1726,57.3,0.8069191210846189
TEXAS,Female,10083,7070,70.1,6037,59.9,0.8538896746817539
TEXAS,Hispanic (any race),5976,3473,58.1,2657,44.5,0.7650446300028794
TEXAS,Male,9671,6571,67.9,5404,55.9,0.8224014609648456
TEXAS,Total,19754,13641,69.1,11442,57.9,0.83879480976468
TEXAS,White alone,15299,10572,69.1,8891,58.1,0.8409950813469542
TEXAS,White alone or in combination,15604,10791,69.2,9092,58.3,0.8425539801686591
TEXAS,White non-Hispanic alone,9744,7382,75.8,6489,66.6,0.8790300731509076
UNITED STATES,18 to 24 years,27548,16052,58.3,13150,47.7,0.8192125591826563
UNITED STATES,25 to 34 years,38963,26637,68.4,22148,56.8,0.8314750159552502
UNITED STATES,35 to 44 years,38229,27920,73,24340,63.7,0.8717765042979942
UNITED STATES,45 to 64 years,73404,56675,77.2,51354,70,0.9061138067931187
UNITED STATES,65 years and over,57994,46571,80.3,43317,74.7,0.9301281913637242
UNITED STATES,Asian alone,12775,8337,65.3,7288,57.1,0.8741753628403502
UNITED STATES,Asian alone or in combination,14314,9483,66.2,8322,58.1,0.877570389117368
UNITED STATES,Black alone,31221,21878,70.1,18612,59.6,0.8507176158698235
UNITED STATES,Black alone or in combination,33527,23514,70.1,19901,59.4,0.8463468571914604
UNITED STATES,Female,121849,91301,74.9,81532,66.9,0.8930022672259887
UNITED STATES,Hispanic (any race),32765,20144,61.5,16573,50.6,0.8227263701350278
UNITED STATES,Male,114290,82553,72.2,72776,63.7,0.8815669933255
UNITED STATES,Total,236138,173854,73.6,154308,65.3,0.8875723308063087
UNITED STATES,White alone,183117,137468,75.1,123220,67.3,0.8963540605813717
UNITED STATES,White alone or in combination,188086,141019,75,126218,67.1,0.8950425120019289
UNITED STATES,White non-Hispanic alone,154575,120035,77.7,108919,70.5,0.9073936768442538
UTAH,18 to 24 years,384,234,61.1,201,52.4,0.8589743589743589
UTAH,25 to 34 years,465,337,72.5,271,58.3,0.8041543026706232
UTAH,35 to 44 years,407,295,72.6,271,66.6,0.9186440677966101
UTAH,45 to 64 years,670,539,80.5,503,75,0.9332096474953617
UTAH,65 years and over,398,330,82.9,310,77.8,0.9393939393939394
UTAH,Asian alone,58,45,76.4,41,69.6,0.9111111111111111
UTAH,Asian alone or in combination,61,48,77.6,44,71.2,0.9166666666666666
UTAH,Black alone,35,23,67.6,23,67.6,1
UTAH,Black alone or in combination,41,28,67,28,67,1
UTAH,Female,1156,872,75.4,778,67.3,0.8922018348623854
UTAH,Hispanic (any race),245,163,66.3,140,56.9,0.8588957055214724
UTAH,Male,1168,865,74.1,777,66.5,0.8982658959537573
UTAH,Total,2324,1736,74.7,1555,66.9,0.8957373271889401
UTAH,White alone,2187,1645,75.2,1470,67.2,0.8936170212765957
UTAH,White alone or in combination,2213,1662,75.1,1484,67,0.8929001203369434
UTAH,White non-Hispanic alone,1959,1495,76.3,1343,68.5,0.8983277591973244
VERMONT,18 to 24 years,38,29,75.8,27,69,0.9310344827586207
VERMONT,25 to 34 years,80,59,73.8,52,65.2,0.8813559322033898
VERMONT,35 to 44 years,93,70,75.1,63,67.3,0.9
VERMONT,45 to 64 years,149,118,78.9,111,74,0.940677966101695
VERMONT,65 years and over,159,125,78.8,121,76.1,0.968
VERMONT,Asian alone,14,5,38.5,5,35.5,1
VERMONT,Asian alone or in combination,15,6,42.2,6,39.4,1
VERMONT,Black alone,7,4,56.7,4,52.9,1
VERMONT,Black alone or in combination,7,4,59.6,4,56.1,1
VERMONT,Female,263,205,77.9,189,72.1,0.9219512195121952
VERMONT,Hispanic (any race),8,6,74.1,6,74.1,1
VERMONT,Male,257,197,76.4,183,71.3,0.9289340101522843
VERMONT,Total,520,401,77.2,373,71.7,0.9301745635910225
VERMONT,White alone,484,379,78.4,351,72.6,0.9261213720316622
VERMONT,White alone or in combination,495,389,78.6,362,73,0.9305912596401028
VERMONT,White non-Hispanic alone,478,374,78.3,346,72.5,0.9251336898395722
VIRGINIA,18 to 24 years,763,487,63.8,405,53.1,0.8316221765913757
VIRGINIA,25 to 34 years,983,778,79.1,657,66.9,0.8444730077120822
VIRGINIA,35 to 44 years,992,783,78.9,707,71.3,0.9029374201787995
VIRGINIA,45 to 64 years,1986,1693,85.2,1610,81.1,0.9509746012994684
VIRGINIA,65 years and over,1535,1241,80.8,1186,77.3,0.9556809024979855
VIRGINIA,Asian alone,422,260,61.5,233,55.3,0.8961538461538462
VIRGINIA,Asian alone or in combination,475,300,63.1,273,57.6,0.91
VIRGINIA,Black alone,1272,970,76.2,809,63.6,0.8340206185567011
VIRGINIA,Black alone or in combination,1371,1058,77.2,893,65.1,0.8440453686200378
VIRGINIA,Female,3232,2593,80.2,2407,74.5,0.9282684149633629
VIRGINIA,Hispanic (any race),417,285,68.2,250,59.9,0.8771929824561403
VIRGINIA,Male,3027,2388,78.9,2159,71.3,0.9041038525963149
VIRGINIA,Total,6259,4981,79.6,4565,72.9,0.9164826340092351
VIRGINIA,White alone,4321,3556,82.3,3332,77.1,0.937007874015748
VIRGINIA,White alone or in combination,4535,3721,82.1,3497,77.1,0.9398011287288364
VIRGINIA,White non-Hispanic alone,4006,3344,83.5,3142,78.5,0.9395933014354066
WASHINGTON,18 to 24 years,698,421,60.2,347,49.7,0.8242280285035629
WASHINGTON,25 to 34 years,944,731,77.4,648,68.7,0.8864569083447332
WASHINGTON,35 to 44 years,876,672,76.7,594,67.8,0.8839285714285714
WASHINGTON,45 to 64 years,1649,1324,80.3,1210,73.4,0.9138972809667674
WASHINGTON,65 years and over,1349,1102,81.7,1064,78.8,0.9655172413793104
WASHINGTON,Asian alone,428,265,62,225,52.6,0.8490566037735849
WASHINGTON,Asian alone or in combination,533,332,62.4,292,54.8,0.8795180722891566
WASHINGTON,Black alone,234,179,76.6,115,49.2,0.6424581005586593
WASHINGTON,Black alone or in combination,318,238,74.8,169,53.1,0.7100840336134454
WASHINGTON,Female,2776,2206,79.5,2027,73,0.9188576609247506
WASHINGTON,Hispanic (any race),592,359,60.6,301,50.9,0.8384401114206128
WASHINGTON,Male,2740,2044,74.6,1836,67,0.898238747553816
WASHINGTON,Total,5516,4250,77.1,3863,70,0.9089411764705883
WASHINGTON,White alone,4484,3529,78.7,3262,72.8,0.9243411731368659
WASHINGTON,White alone or in combination,4701,3688,78.5,3410,72.5,0.9246203904555315
WASHINGTON,White non-Hispanic alone,3976,3214,80.8,3001,75.5,0.9337274424393279
WEST VIRGINIA,18 to 24 years,151,101,67.3,73,48.7,0.7227722772277227
WEST VIRGINIA,25 to 34 years,200,143,71.4,107,53.2,0.7482517482517482
WEST VIRGINIA,35 to 44 years,186,138,74,109,58.7,0.7898550724637681
WEST VIRGINIA,45 to 64 years,412,314,76.2,263,63.7,0.8375796178343949
WEST VIRGINIA,65 years and over,406,305,75,255,62.8,0.8360655737704918
WEST VIRGINIA,Asian alone,9,7,77.2,7,77.2,1
WEST VIRGINIA,Asian alone or in combination,14,8,53.9,8,53.9,1
WEST VIRGINIA,Black alone,38,23,60.8,16,43.4,0.6956521739130435
WEST VIRGINIA,Black alone or in combination,48,30,62.9,23,47.1,0.7666666666666667
WEST VIRGINIA,Female,696,531,76.3,422,60.6,0.7947269303201506
WEST VIRGINIA,Hispanic (any race),15,9,59.6,7,46.2,0.7777777777777778
WEST VIRGINIA,Male,659,470,71.3,385,58.4,0.8191489361702128
WEST VIRGINIA,Total,1355,1001,73.8,807,59.5,0.8061938061938062
WEST VIRGINIA,White alone,1285,955,74.3,772,60.1,0.8083769633507853
WEST VIRGINIA,White alone or in combination,1302,965,74.2,780,59.9,0.8082901554404145
WEST VIRGINIA,White non-Hispanic alone,1272,946,74.4,765,60.1,0.8086680761099366
WISCONSIN,18 to 24 years,432,298,69,285,66,0.9563758389261745
WISCONSIN,25 to 34 years,700,434,62,387,55.3,0.8917050691244239
WISCONSIN,35 to 44 years,770,565,73.4,522,67.8,0.9238938053097345
WISCONSIN,45 to 64 years,1410,1161,82.4,1125,79.8,0.9689922480620154
WISCONSIN,65 years and over,1119,922,82.4,881,78.8,0.955531453362256
WISCONSIN,Asian alone,83,53,63.2,44,53.1,0.8301886792452831
WISCONSIN,Asian alone or in combination,95,64,67.7,56,58.7,0.875
WISCONSIN,Black alone,223,120,53.8,107,48,0.8916666666666667
WISCONSIN,Black alone or in combination,233,130,55.8,117,50.2,0.9
WISCONSIN,Female,2219,1742,78.5,1653,74.5,0.9489092996555684
WISCONSIN,Hispanic (any race),169,99,58.8,95,56.4,0.9595959595959596
WISCONSIN,Male,2212,1639,74.1,1548,70,0.9444783404514948
WISCONSIN,Total,4431,3380,76.3,3201,72.2,0.9470414201183432
WISCONSIN,White alone,4075,3165,77.7,3007,73.8,0.9500789889415482
WISCONSIN,White alone or in combination,4107,3196,77.8,3038,74,0.9505632040050063
WISCONSIN,White non-Hispanic alone,3938,3091,78.5,2937,74.6,0.9501779359430605
WYOMING,18 to 24 years,45,22,49.4,22,48.2,1
WYOMING,25 to 34 years,75,47,62.8,41,54.3,0.8723404255319149
WYOMING,35 to 44 years,75,53,71.3,47,62.6,0.8867924528301887
WYOMING,45 to 64 years,118,80,68.1,75,63.2,0.9375
WYOMING,65 years and over,130,104,80,99,76.1,0.9519230769230769
WYOMING,Asian alone,1,1,46.2,1,46.2,1
WYOMING,Asian alone or in combination,3,2,51.6,2,51.6,1
WYOMING,Black alone,6,2,44.2,2,30.4,1
WYOMING,Black alone or in combination,9,2,25.9,2,17.8,1
WYOMING,Female,218,155,70.9,144,65.8,0.9290322580645162
WYOMING,Hispanic (any race),28,14,50.1,12,40.5,0.8571428571428571
WYOMING,Male,225,152,67.7,139,61.9,0.9144736842105263
WYOMING,Total,443,307,69.3,283,63.8,0.9218241042345277
WYOMING,White alone,413,294,71.1,271,65.5,0.9217687074829932
WYOMING,White alone or in combination,425,300,70.4,277,65,0.9233333333333333
WYOMING,White non-Hispanic alone,388,280,72.3,260,67,0.9285714285714286
